Workbook

Sheet Mann 05 25_historical
A1: Family | B1: Region | C1: Salesman | D1: Client | E1: Category | F1: Subcategory | G1: SKU | H1: Description | I1: Periods Per Year | J1: 42736 | K1: 42767 | L1: 42795 | M1: 42826 | N1: 42856 | O1: 42887 | P1: 42917 | Q1: 42948 | R1: 42979 | S1: 43009 | T1: 43040 | U1: 43070 | V1: 43101 | W1: 43132 | X1: 43160 | Y1: 43191 | Z1: 43221 | AA1: 43252 | AB1: 43282 | AC1: 43313 | AD1: 43344 | AE1: 43374 | AF1: 43405 | AG1: 43435 | AH1: 43466 | AI1: 43497 | AJ1: 43525 | AK1: 43556 | AL1: 43586 | AM1: 43617 | AN1: 43647 | AO1: 43678 | AP1: 43709 | AQ1: 43739 | AR1: 43770 | AS1: 43800 | AT1: 43831 | AU1: 43862 | AV1: 43891 | AW1: 43922 | AX1: 43952 | AY1: 43983 | AZ1: 44013 | BA1: 44044 | BB1: 44075 | BC1: 44105 | BD1: 44136 | BE1: 44166 | BF1: 44197 | BG1: 44228 | BH1: 44256 | BI1: 44287 | BJ1: 44317 | BK1: 44348 | BL1: 44378 | BM1: 44409 | BN1: 44440 | BO1: 44470 | BP1: 44501 | BQ1: 44531 | BR1: 44562 | BS1: 44593 | BT1: 44621 | BU1: 44652 | BV1: 44682 | BW1: 44713 | BX1: 44743 | BY1: 44774 | BZ1: 44805 | CA1: 44835 | CB1: 44866 | CC1: 44896 | CD1: 44927 | CE1: 44958 | CF1: 44986 | CG1: 45017 | CH1: 45047 | CI1: 45078 | CJ1: 45108 | CK1: 45139 | CL1: 45170 | CM1: 45200 | CN1: 45231 | CO1: 45261 | CP1: 45292 | CQ1: 45323 | CR1: 45352 | CS1: 45383 | CT1: 45413 | CU1: 45444 | CV1: 45474 | CW1: 45505 | CX1: 45536 | CY1: 45566 | CZ1: 45597 | DA1: 45627 | DB1: 45658 | DC1: 45689 | DD1: 45717 | DE1: 45748 | DF1: 45778 | DG1: 45809 | DH1: 45839
B2: VSF | D2: MANN-FILTER | E2: PC | F2: Air Filter | G2: C 16 012 | H2: CHEVROLET Cruze 1.4 T 86CID 153CV (Reemplaza a C 14 013) | I2: 12 | BD2: 34 | BE2: 122 | BF2: 284 | BG2: 170 | BH2: 170 | BI2: 146 | BJ2: 190 | BK2: 316 | BL2: 114 | BM2: 94 | BP2: 181 | BQ2: 693 | BR2: 571 | BT2: 180 | BU2: 861 | BV2: 105 | BW2: 635 | BX2: 362 | BY2: 336 | BZ2: 156 | CA2: 500 | CB2: 282 | CC2: 104 | CD2: 348 | CE2: 164 | CF2: 439 | CG2: 545 | CH2: 240 | CI2: 96 | CJ2: 996 | CM2: 1358 | CN2: 508 | CO2: 363 | CP2: 1423 | CQ2: 195 | CR2: 152 | CS2: 666 | CT2: 614 | CU2: 386 | CV2: 544 | CW2: 513 | CX2: 540 | CY2: 666 | CZ2: 24 | DA2: 878 | DB2: 552 | DC2: 1090 | DD2: 360 | DE2: 892 | DF2: 186 | DG2: =IFERROR(VLOOKUP(G2,Hoja2!$C$1:$E$1548,3,FALSE),0) -> 542 | DH2: =IFERROR(VLOOKUP(G2,Hoja2!$O$1:$P$1906,2,FALSE),0) -> 726
B3: VSF | D3: MANN-FILTER | E3: PC | F3: Air Filter | G3: C 16 134/2 | H3: Ford Focus 2.0L motor Duratec HE; 1.6L 16V motor Sigma 2008 Ã¢â€ â€™; 1.8 TDCi motor KKDA 2008 Ã¢â€ â€™ (Reemplaza a C 16 134/1) | I3: 12 | BB3: 333 | BC3: 510 | BD3: 180 | BE3: 464 | BF3: 100 | BG3: 1200 | BH3: 680 | BI3: 528 | BJ3: 644 | BK3: 200 | BL3: 320 | BM3: 580 | BN3: 450 | BP3: 510 | BQ3: 686 | BR3: 848 | BS3: 2141 | BT3: 101 | BU3: 1660 | BV3: 1835 | BW3: 1342 | BX3: 703 | BY3: 390 | BZ3: 410 | CA3: 910 | CB3: 530 | CC3: 480 | CD3: 620 | CE3: 1036 | CF3: 1100 | CG3: 1240 | CH3: 216 | CI3: 610 | CJ3: 956 | CK3: 20 | CL3: 1004 | CM3: 990 | CN3: 1156 | CO3: 444 | CP3: 600 | CQ3: 422 | CR3: 740 | CS3: 320 | CT3: 340 | CU3: 800 | CV3: 1340 | CW3: 743 | CX3: 761 | CY3: 338 | CZ3: 482 | DA3: 600 | DB3: 720 | DC3: 574 | DD3: 700 | DF3: 1953 | DG3: =IFERROR(VLOOKUP(G3,Hoja2!$C$1:$E$1548,3,FALSE),0) -> 147 | DH3: =IFERROR(VLOOKUP(G3,Hoja2!$O$1:$P$1906,2,FALSE),0) -> 2158
B4: VSF | D4: MANN-FILTER | E4: PC | F4: Air Filter | G4: C 18 004 | H4: HONDA CITY 1.5 16V SOHC i-VTEC 07/09 - FIT 1.4 16v 01/09 | I4: 12 | J4: 164 | K4: 156 | L4: 300 | M4: 54 | O4: 610 | P4: 206 | Q4: 100 | R4: 200 | S4: 362 | T4: 44 | U4: 196 | V4: 140 | W4: 374 | X4: 243 | Y4: 247 | Z4: 176 | AA4: 306 | AB4: 153 | AC4: 152 | AD4: 643 | AF4: 105 | AG4: 150 | AH4: 1157 | AI4: 114 | AJ4: 146 | AK4: 203 | AL4: 106 | AM4: 60 | AN4: 218 | AO4: 144 | AP4: 234 | AQ4: 208 | AR4: 80 | AS4: 200 | AT4: 219 | AU4: 406 | AV4: 1 | AW4: 200 | AX4: 245 | AY4: 301 | AZ4: 255 | BA4: 204 | BB4: 100 | BC4: 60 | BD4: 410 | BE4: 5 | BF4: 141 | BG4: 290 | BH4: 90 | BI4: 102 | BJ4: 210 | BK4: 340 | BL4: 172 | BM4: 55 | BN4: 205 | BP4: 86 | BQ4: 334 | BR4: 190 | BS4: 80 | BT4: 480 | BU4: 440 | BV4: 385 | BW4: 250 | BX4: 10 | BY4: 194 | BZ4: 120 | CA4: 150 | CB4: 160 | CC4: 80 | CD4: 420 | CE4: 80 | CF4: 510 | CG4: 220 | CH4: 120 | CI4: 460 | CJ4: 650 | CK4: 60 | CL4: 10 | CM4: 270 | CO4: 300 | CP4: 450 | CQ4: 210 | CR4: 170 | CS4: 210 | CT4: 240 | CU4: 160 | CV4: 260 | CW4: 330 | CX4: 190 | CY4: 120 | CZ4: 310 | DA4: 140 | DB4: 204 | DC4: 110 | DD4: 450 | DE4: 156 | DF4: 300 | DG4: =IFERROR(VLOOKUP(G4,Hoja2!$C$1:$E$1548,3,FALSE),0) -> 500 | DH4: =IFERROR(VLOOKUP(G4,Hoja2!$O$1:$P$1906,2,FALSE),0) -> 1020
B5: VSF | D5: MANN-FILTER | E5: PC | F5: Air Filter | G5: C 2324 | H5: GM AVEO 1,6 L 16V DOHC 2009Ã¢â€ â€™ SUZUKI S | I5: 12 | J5: 252 | K5: 792 | L5: 474 | M5: 260 | N5: 325 | O5: 202 | P5: 154 | Q5: 342 | R5: 336 | S5: 408 | T5: 450 | U5: 178 | V5: 480 | W5: 174 | X5: 395 | Y5: 545 | Z5: 500 | AA5: 228 | AB5: 180 | AC5: 228 | AD5: 222 | AE5: 120 | AF5: 94 | AG5: 58 | AH5: 982 | AI5: 252 | AJ5: 354 | AK5: 234 | AL5: 132 | AM5: 120 | AN5: 96 | AO5: 100 | AP5: 120 | AQ5: 201 | AR5: 230 | AS5: 166 | AT5: 116 | AU5: 111 | AV5: 5 | AW5: 146 | AX5: 602 | AY5: 291 | AZ5: 84 | BA5: 130 | BB5: 80 | BC5: 120 | BD5: 80 | BE5: 90 | BF5: 100 | BG5: 185 | BH5: 405 | BI5: 40 | BJ5: 140 | BK5: 250 | BL5: 150 | BM5: 80 | BN5: 96 | BQ5: 354 | BR5: 280 | BS5: 10 | BT5: 221 | BU5: 49 | BV5: 56 | BW5: 324 | BX5: 146 | BY5: 215 | BZ5: 59 | CA5: 300 | CB5: 220 | CC5: 90 | CD5: 150 | CE5: 230 | CF5: 220 | CG5: 181 | CH5: 199 | CI5: 160 | CJ5: 60 | CK5: 170 | CM5: 220 | CN5: 410 | CO5: 30 | CP5: 120 | CQ5: 70 | CR5: 190 | CS5: 80 | CT5: 110 | CU5: 40 | CV5: 110 | CW5: 80 | CX5: 70 | CY5: 130 | CZ5: 70 | DA5: 60 | DB5: 40 | DC5: 140 | DD5: 140 | DE5: 160 | DF5: 80 | DG5: =IFERROR(VLOOKUP(G5,Hoja2!$C$1:$E$1548,3,FALSE),0) -> 140 | DH5: =IFERROR(VLOOKUP(G5,Hoja2!$O$1:$P$1906,2,FALSE),0) -> 10
B6: VSF | D6: MANN-FILTER | E6: PC | F6: Air Filter | G6: C 24 005 | H6: TOYOTA COROLLA, 1,8 L 16V 2009Ã¢â€ â€™ | I6: 12 | J6: 260 | K6: 315 | L6: 332 | M6: 102 | N6: 205 | O6: 559 | P6: 242 | Q6: 289 | R6: -23 | S6: -5 | Y6: 28 | Z6: -23 | AO6: 10 | AP6: 200 | AQ6: 70 | AR6: 100 | AT6: 94 | AU6: 85 | AV6: 90 | AW6: 22 | AY6: 296 | BA6: 126 | BB6: 140 | BC6: 100 | BD6: 78 | BE6: 64 | BF6: 94 | BG6: 136 | BH6: 88 | BI6: 34 | BJ6: 268 | BL6: 200 | BM6: 106 | BN6: 5 | BP6: 120 | BQ6: 204 | BR6: 131 | BS6: 89 | BT6: 75 | BU6: 60 | BV6: 138 | BW6: 620 | BX6: 257 | BY6: 90 | BZ6: 469 | CA6: 248 | CB6: 6 | CC6: 677 | CD6: 450 | CE6: 485 | CF6: 375 | CG6: 1209 | CH6: 506 | CI6: 250 | CJ6: 83 | CM6: 1161 | CN6: 631 | CP6: 1222 | CQ6: 81 | CR6: 111 | CS6: 1339 | CT6: 400 | CU6: 505 | CV6: 518 | CW6: 475 | CX6: 650 | CY6: 622 | CZ6: 348 | DA6: 47 | DB6: 9 | DC6: 1000 | DD6: 600 | DE6: 998 | DF6: 400 | DG6: =IFERROR(VLOOKUP(G6,Hoja2!$C$1:$E$1548,3,FALSE),0) -> 1000 | DH6: =IFERROR(VLOOKUP(G6,Hoja2!$O$1:$P$1906,2,FALSE),0) -> 1006
B7: VSF | D7: MANN-FILTER | E7: PC | F7: Air Filter | G7: C 27 009 | H7: AUDI A3 TFSI 1.4 122 CV y VW TFSI 1.4 Golf 2014Ã¢â€ â€™ | I7: 12 | J7: 35 | K7: 45 | L7: 94 | N7: 81 | O7: 35 | P7: 65 | Q7: 70 | R7: 9 | S7: 48 | T7: 97 | U7: 98 | V7: 60 | W7: 104 | X7: 49 | Y7: 57 | Z7: 40 | AA7: 85 | AB7: 184 | AC7: 100 | AD7: 66 | AF7: 120 | AG7: 181 | AH7: 322 | AI7: 116 | AJ7: 285 | AK7: 55 | AL7: 813 | AM7: 140 | AN7: 150 | AO7: 71 | AP7: 195 | AQ7: 107 | AR7: 210 | AS7: 175 | AT7: 194 | AU7: 35 | AX7: 215 | AY7: 353 | AZ7: 225 | BA7: 210 | BB7: 282 | BC7: 70 | BD7: 80 | BE7: 282 | BF7: 245 | BG7: 215 | BH7: 82 | BI7: 216 | BJ7: 280 | BK7: 185 | BL7: 80 | BM7: 260 | BN7: 80 | BP7: 80 | BQ7: 550 | BR7: 135 | BS7: 265 | BT7: 984 | BU7: 514 | BV7: 6 | BW7: 30 | BX7: 327 | BY7: 436 | BZ7: 250 | CA7: 505 | CB7: 228 | CC7: 420 | CD7: 310 | CE7: 140 | CF7: 160 | CG7: 699 | CH7: 363 | CI7: 332 | CJ7: 294 | CM7: 635 | CN7: 115 | CO7: 350 | CP7: 712 | CQ7: 378 | CR7: 140 | CS7: 665 | CT7: 382 | CU7: 485 | CV7: 330 | CW7: 195 | CX7: 440 | CY7: 335 | CZ7: 355 | DA7: 366 | DB7: 720 | DC7: 379 | DD7: 660 | DE7: 415 | DF7: 254 | DG7: =IFERROR(VLOOKUP(G7,Hoja2!$C$1:$E$1548,3,FALSE),0) -> 451 | DH7: =IFERROR(VLOOKUP(G7,Hoja2!$O$1:$P$1906,2,FALSE),0) -> 720
B8: VSF | D8: MANN-FILTER | E8: PC | F8: Air Filter | G8: C 27 063 | H8: TOYOTA Corolla 2.0 170 cv, 2020Ã¢â€ â€™; Camry, RAV4 2.5 Hib. 218 cv, 2019Ã¢â€ â€™ | I8: 12 | CA8: 205 | CB8: 95 | CC8: 205 | CD8: 160 | CE8: 40 | CF8: 120 | CG8: 235 | CH8: 50 | CI8: 135 | CM8: 595 | CN8: 315 | CO8: 30 | CP8: 140 | CQ8: 150 | CR8: 80 | CS8: 75 | CT8: 125 | CU8: 130 | CV8: 185 | CW8: 110 | CX8: 155 | CY8: 130 | CZ8: 150 | DA8: 160 | DB8: 245 | DC8: 155 | DF8: 245 | DG8: =IFERROR(VLOOKUP(G8,Hoja2!$C$1:$E$1548,3,FALSE),0) -> 290 | DH8: =IFERROR(VLOOKUP(G8,Hoja2!$O$1:$P$1906,2,FALSE),0) -> 375
B9: VSF | D9: MANN-FILTER | E9: PC | F9: Air Filter | G9: C 36 003 | H9: Citroen DS4 1.6 16V THP 163 cv motor: EP6CDT M; Citroen DS3 1.6 16V Turbo motor EP6DT; Peugeot RCZ 1.6 16V motor EP6CDTX; 3008 1.6 THP; 308 1.6L THP CC y 1.6 GTI; 408 1.6N THP (Sport) motor EP6CDT | I9: 12 | J9: 73 | K9: 152 | L9: 140 | M9: 84 | N9: 88 | O9: 25 | P9: 402 | Q9: 266 | R9: 335 | S9: 40 | T9: 80 | U9: 100 | V9: 165 | W9: 173 | X9: 218 | AB9: 572 | AC9: 125 | AD9: 150 | AE9: 80 | AF9: 206 | AG9: 176 | AH9: 165 | AI9: 115 | AJ9: 120 | AK9: 834 | AL9: 124 | AM9: 134 | AN9: 220 | AO9: 98 | AP9: 135 | AQ9: 359 | AR9: 242 | AS9: 320 | AT9: 220 | AU9: 292 | AV9: 86 | AW9: 83 | AX9: 30 | AY9: 165 | AZ9: 91 | BA9: 90 | BB9: 17 | BC9: 404 | BD9: 115 | BE9: 24 | BF9: 262 | BG9: 10 | BH9: 346 | BI9: 104 | BJ9: 770 | BK9: 135 | BL9: 60 | BM9: 550 | BN9: 150 | BP9: 385 | BQ9: 240 | BR9: 220 | BS9: 265 | BT9: 290 | BU9: 285 | BW9: 200 | BX9: 195 | BY9: 205 | BZ9: 315 | CA9: 800 | CB9: 15 | CC9: 145 | CD9: 185 | CE9: 350 | CF9: 200 | CG9: 665 | CH9: 75 | CI9: 440 | CJ9: 400 | CK9: 5 | CM9: 625 | CN9: 485 | CO9: 190 | CP9: 340 | CQ9: 44 | CR9: 43 | CS9: 125 | CU9: 882 | CV9: 285 | CW9: 251 | CX9: 185 | CY9: 140 | CZ9: 327 | DA9: 85 | DB9: 353 | DC9: 140 | DD9: 215 | DE9: 270 | DF9: 250 | DG9: =IFERROR(VLOOKUP(G9,Hoja2!$C$1:$E$1548,3,FALSE),0) -> 102 | DH9: =IFERROR(VLOOKUP(G9,Hoja2!$O$1:$P$1906,2,FALSE),0) -> 378
B10: VSF | D10: MANN-FILTER | E10: CV | F10: Air Filter | G10: C 811 | H10: VW Camiones Serie 19.330-19.420- 26.420 2014Ã¢â€ â€™ - FORD Camiones 1933 2016Ã¢â€ â€™ | I10: 12 | Z10: 4 | AA10: 26 | AF10: 12 | AH10: 20 | AI10: 12 | AJ10: 26 | AO10: 10 | AP10: 38 | AQ10: 24 | AS10: 10 | AT10: 10 | AU10: 32 | AW10: 4 | AX10: 14 | AZ10: 21 | BA10: 10 | BC10: 26 | BD10: 4 | BE10: 44 | BF10: 32 | BH10: 44 | BI10: -8 | BJ10: 109 | BK10: 21 | BL10: 16 | BM10: 938 | BN10: 42 | BO10: 22 | BQ10: 815 | BR10: 67 | BS10: 20 | BT10: 32 | BU10: 12 | BV10: 40 | BW10: 14 | BX10: 18 | CA10: 30 | CB10: 6 | CC10: 207 | CD10: 980 | CE10: 528 | CF10: 504 | CG10: 22 | CH10: 187 | CJ10: 1670 | CK10: 264 | CL10: 12 | CM10: 652 | CN10: 64 | CO10: 1076 | CP10: 1016 | CQ10: 2400 | CR10: 34 | CS10: 524 | CT10: 24 | CU10: 18 | CV10: 25 | CW10: 12 | CX10: 432 | CY10: 431 | CZ10: 4 | DA10: 8 | DB10: 806 | DC10: 100 | DD10: 5 | DE10: 1308 | DF10: 930 | DG10: =IFERROR(VLOOKUP(G10,Hoja2!$C$1:$E$1548,3,FALSE),0) -> 0 | DH10: =IFERROR(VLOOKUP(G10,Hoja2!$O$1:$P$1906,2,FALSE),0) -> 1630
B11: VSF | D11: MANN-FILTER | E11: CV | F11: Air Filter | G11: CF 1650 | H11: cart. De seg. Para C 26 1100 | I11: 12 | J11: 118 | K11: 120 | N11: 189 | O11: 379 | P11: 257 | Q11: 21 | R11: -95 | S11: 25 | T11: 132 | U11: 169 | V11: 217 | W11: 70 | X11: 37 | Y11: 268 | Z11: 42 | AA11: 8 | AB11: 67 | AC11: 161 | AD11: 30 | AF11: 85 | AG11: 18 | AH11: 240 | AI11: 157 | AJ11: 27 | AK11: 265 | AL11: 30 | AM11: 58 | AN11: 55 | AO11: 125 | AP11: 56 | AQ11: 147 | AR11: 16 | AS11: 275 | AT11: 146 | AU11: 360 | AV11: 45 | AW11: -8 | AX11: 30 | AY11: 140 | AZ11: 62 | BC11: 6 | BE11: 20 | BF11: 62 | BG11: 5 | BH11: 69 | BJ11: 64 | BK11: 118 | BL11: 152 | BM11: 10 | BN11: 222 | BO11: 90 | BP11: 16 | BR11: 143 | BS11: 26 | BT11: 23 | BV11: 811 | BW11: 702 | BX11: 91 | BY11: 22 | BZ11: 24 | CA11: 245 | CB11: 76 | CC11: 22 | CD11: 234 | CE11: 258 | CF11: 541 | CG11: 180 | CH11: 2 | CI11: 362 | CJ11: 408 | CK11: 32 | CM11: 199 | CN11: 120 | CO11: 262 | CP11: 53 | CQ11: 55 | CR11: 78 | CS11: 18 | CT11: 214 | CU11: 247 | CV11: 55 | CW11: 328 | CX11: 61 | CY11: 193 | CZ11: 112 | DA11: 200 | DB11: 160 | DC11: 520 | DD11: 40 | DE11: 178 | DF11: 682 | DG11: =IFERROR(VLOOKUP(G11,Hoja2!$C$1:$E$1548,3,FALSE),0) -> 340 | DH11: =IFERROR(VLOOKUP(G11,Hoja2!$O$1:$P$1906,2,FALSE),0) -> 284
B12: VSF | D12: MANN-FILTER | E12: OHI | F12: Air Filter | G12: CF 810 | H12: (Cart. Segur. para C 30 810/3) | I12: 12 | J12: 40 | K12: 15 | L12: 10 | M12: 43 | N12: 20 | O12: 25 | P12: 23 | Q12: 57 | R12: 2 | S12: 57 | T12: 19 | U12: 120 | W12: 141 | X12: 5 | Y12: 34 | Z12: 120 | AA12: 70 | AB12: 60 | AC12: 54 | AD12: 62 | AE12: 61 | AF12: 60 | AG12: 66 | AI12: 61 | AJ12: 61 | AK12: 60 | AL12: 66 | AN12: 114 | AO12: 50 | AP12: 62 | AQ12: 50 | AR12: 60 | AS12: 53 | AT12: 52 | AU12: 56 | AV12: 50 | AW12: 2 | AX12: 52 | AY12: 50 | BB12: 10 | BC12: 120 | BE12: 47 | BF12: 157 | BG12: 4 | BI12: 254 | BJ12: 100 | BK12: 6 | BL12: 72 | BM12: 458 | BN12: 380 | BP12: 4 | BR12: 612 | BS12: 4 | BT12: 200 | BU12: 226 | BV12: 8 | BW12: 6 | BX12: 2 | BY12: 26 | BZ12: 154 | CA12: 152 | CB12: 152 | CC12: 150 | CD12: 6 | CE12: 24 | CF12: 4 | CG12: 150 | CH12: 4 | CJ12: 106 | CK12: 124 | CM12: 2 | CR12: 4 | CS12: 56 | CV12: 13 | CZ12: 4 | DC12: 6 | DF12: 2 | DG12: =IFERROR(VLOOKUP(G12,Hoja2!$C$1:$E$1548,3,FALSE),0) -> 50 | DH12: =IFERROR(VLOOKUP(G12,Hoja2!$O$1:$P$1906,2,FALSE),0) -> 54
B13: VSF | D13: MANN-FILTER | E13: Pick up | F13: Cabin Filter | G13: CU 1919 | H13: TOYOTA: Corolla/Fielder 1.8 16V Flex 2009Ã¢â€ â€™; Hilux 2.5/3.0 L 16V Diesel 2001Ã¢â€ â€™; Hilux 2.5/3.0 L 16V Diesel 2005Ã¢â€ â€™; RAV4 2.0 16V Gas. 2006Ã¢â€ â€™; Camry 2006Ã¢â€ â€™; Lexus 2006Ã¢â€ â€™ | I13: 12 | J13: 989 | K13: 795 | L13: 180 | N13: 309 | O13: 2055 | Q13: 870 | R13: 1282 | S13: 70 | T13: 658 | U13: 691 | V13: 769 | W13: 727 | X13: 1011 | Y13: 456 | Z13: 520 | AA13: 581 | AB13: 624 | AC13: 304 | AD13: 1396 | AF13: 1603 | AG13: 65 | AH13: 1455 | AI13: 814 | AJ13: 816 | AK13: 436 | AL13: 400 | AM13: 345 | AN13: 404 | AO13: 90 | AP13: 754 | AQ13: 527 | AR13: 931 | AS13: 1336 | AT13: 1895 | AU13: 10 | AV13: 195 | AW13: 410 | AX13: 712 | AY13: 450 | AZ13: 710 | BA13: 320 | BB13: 360 | BC13: 930 | BD13: 260 | BE13: 300 | BF13: 712 | BG13: 1270 | BH13: 512 | BI13: 1350 | BJ13: 112 | BK13: 720 | BL13: 530 | BM13: 1840 | BN13: 2900 | BP13: 350 | BQ13: 490 | BR13: 1031 | BS13: 1419 | BT13: 450 | BU13: 2415 | BV13: 2260 | BW13: 1210 | BX13: 490 | BY13: 1018 | BZ13: 912 | CA13: 570 | CB13: 640 | CC13: 2390 | CD13: 1540 | CE13: 2649 | CF13: 2058 | CG13: 640 | CH13: 1983 | CI13: 145 | CJ13: 961 | CM13: 2832 | CN13: 1548 | CO13: 813 | CP13: 1529 | CQ13: 126 | CR13: 105 | CS13: 2485 | CT13: 265 | CU13: 470 | CV13: 1180 | CX13: 1975 | CZ13: 2870 | DA13: 1560 | DB13: 3830 | DC13: 921 | DD13: 1869 | DE13: 390 | DF13: 1170 | DG13: =IFERROR(VLOOKUP(G13,Hoja2!$C$1:$E$1548,3,FALSE),0) -> 2231 | DH13: =IFERROR(VLOOKUP(G13,Hoja2!$O$1:$P$1906,2,FALSE),0) -> 670
B14: VSF | D14: MANN-FILTER | E14: PC | F14: Cabin Filter | G14: CU 21 000-2 | H14: CitroÃƒÂ«n Peugeot 1,6 16 V Turbo | I14: 12 | J14: 159 | K14: 123 | L14: 86 | P14: 182 | Q14: 112 | R14: 38 | S14: 49 | T14: 96 | U14: 329 | V14: 43 | W14: 146 | X14: 235 | Y14: 121 | Z14: 74 | AA14: 26 | AB14: 75 | AC14: 35 | AD14: 132 | AE14: 87 | AF14: 87 | AG14: 98 | AH14: 467 | AI14: 180 | AJ14: 117 | AK14: 127 | AL14: 155 | AM14: 186 | AN14: 156 | AO14: 28 | AP14: 121 | AQ14: 203 | AR14: 169 | AS14: 260 | AT14: 255 | AU14: 139 | AW14: 47 | AX14: 362 | AY14: 78 | AZ14: 226 | BA14: 114 | BB14: 272 | BC14: 168 | BD14: 200 | BE14: 134 | BF14: 58 | BG14: 222 | BH14: 192 | BI14: 148 | BJ14: 602 | BK14: 299 | BL14: 285 | BM14: 258 | BN14: 326 | BP14: 146 | BQ14: 212 | BR14: 614 | BS14: 24 | BT14: 432 | BU14: 454 | BV14: 188 | BW14: 59 | BX14: 388 | BY14: 413 | BZ14: 1037 | CA14: 872 | CB14: 250 | CC14: 1000 | CD14: 696 | CE14: 738 | CF14: 90 | CG14: 1126 | CH14: 676 | CI14: 462 | CJ14: 618 | CK14: 131 | CM14: 589 | CN14: 546 | CO14: 704 | CP14: 72 | CQ14: 266 | CR14: 1084 | CS14: 344 | CT14: 100 | CU14: 82 | CV14: 438 | CW14: 216 | CX14: 198 | CY14: 376 | CZ14: 432 | DA14: 450 | DB14: 326 | DC14: 538 | DE14: 714 | DF14: 4 | DG14: =IFERROR(VLOOKUP(G14,Hoja2!$C$1:$E$1548,3,FALSE),0) -> 838 | DH14: =IFERROR(VLOOKUP(G14,Hoja2!$O$1:$P$1906,2,FALSE),0) -> 565
B15: VSF | D15: MANN-FILTER | E15: PC | F15: Cabin Filter | G15: CU 2141 | H15: CITROEN C4 aircross 2013 / Peugeot 4008 / Mitsubishi Outlander III 2.0 | I15: 12 | J15: 114 | K15: 66 | L15: 8 | M15: 5 | N15: -1 | O15: 136 | P15: 8 | Q15: 14 | R15: 130 | S15: 11 | T15: 16 | U15: 225 | V15: 37 | W15: 211 | X15: 86 | Y15: 114 | Z15: 58 | AA15: 50 | AB15: 52 | AC15: 126 | AD15: 82 | AF15: 299 | AG15: 183 | AH15: 160 | AI15: 113 | AJ15: 173 | AK15: 44 | AL15: 88 | AM15: 92 | AN15: 78 | AO15: 28 | AP15: 50 | AQ15: 202 | AR15: 114 | AS15: 170 | AT15: 140 | AU15: 306 | AV15: 52 | AW15: 36 | AX15: 47 | AY15: 120 | AZ15: 325 | BA15: 53 | BB15: 30 | BC15: 50 | BD15: 200 | BE15: 281 | BF15: 105 | BG15: 84 | BJ15: 806 | BK15: 305 | BL15: 35 | BM15: 875 | BN15: 95 | BO15: 110 | BP15: 32 | BQ15: 170 | BR15: 253 | BT15: 462 | BU15: 432 | BV15: 160 | BW15: 572 | BX15: 185 | BY15: 54 | BZ15: 480 | CA15: 480 | CB15: 110 | CC15: 375 | CD15: 255 | CE15: 488 | CF15: 235 | CG15: 205 | CH15: 227 | CI15: 365 | CM15: 349 | CN15: 555 | CO15: 205 | CP15: 65 | CQ15: 200 | CR15: 110 | CS15: 155 | CT15: 80 | CU15: 115 | CV15: 190 | CW15: 180 | CX15: 160 | CY15: 460 | CZ15: 305 | DA15: 100 | DB15: 410 | DC15: 310 | DD15: 130 | DE15: 300 | DF15: 97 | DG15: =IFERROR(VLOOKUP(G15,Hoja2!$C$1:$E$1548,3,FALSE),0) -> 300 | DH15: =IFERROR(VLOOKUP(G15,Hoja2!$O$1:$P$1906,2,FALSE),0) -> 115
B16: VSF | D16: MANN-FILTER | E16: PC | F16: Cabin Filter | G16: CU 22 019 | H16: Renault Duster-Logan-Sandero | I16: 12 | J16: 206 | K16: 276 | L16: 269 | N16: -2 | P16: 500 | Q16: 54 | R16: 33 | S16: 35 | T16: 267 | U16: 188 | V16: 241 | W16: 439 | X16: 140 | Y16: 252 | Z16: 189 | AA16: 85 | AB16: 3 | AC16: 96 | AD16: 110 | AE16: 30 | AF16: 210 | AG16: 34 | AH16: 826 | AI16: 347 | AJ16: 196 | AK16: 122 | AL16: 262 | AM16: 28 | AN16: 221 | AO16: 20 | AP16: 112 | AQ16: 237 | AR16: 272 | AS16: 281 | AW16: 326 | AX16: 833 | AY16: 236 | AZ16: 16 | BA16: 20 | BB16: 529 | BC16: 306 | BD16: 145 | BE16: 111 | BF16: 221 | BG16: 304 | BN16: 2432 | BO16: 137 | BQ16: 56 | BV16: 1825 | BW16: 135 | BX16: 65 | BZ16: 599 | CD16: 662 | CE16: 1163 | CF16: 502 | CG16: 89 | CH16: 819 | CI16: 380 | CJ16: 58 | CM16: 521 | CP16: 1050 | CQ16: 50 | CR16: 410 | CS16: 229 | CT16: 55 | CU16: 179 | CV16: 164 | CW16: 81 | CX16: 140 | CY16: 533 | CZ16: 261 | DB16: 500 | DE16: 1081 | DF16: 811 | DG16: =IFERROR(VLOOKUP(G16,Hoja2!$C$1:$E$1548,3,FALSE),0) -> 4 | DH16: =IFERROR(VLOOKUP(G16,Hoja2!$O$1:$P$1906,2,FALSE),0) -> 542
B17: VSF | D17: MANN-FILTER | E17: Pick up | F17: Cabin Filter | G17: CU 22 032 | H17: TOYOTA Hilux 2.4 TDI-2.8 TDI 2015Ã¢â€ â€™ | I17: 12 | K17: 10 | O17: 160 | P17: 330 | Q17: 265 | R17: 75 | S17: 9 | T17: 95 | U17: 185 | V17: 105 | W17: 50 | X17: 65 | Y17: 235 | Z17: 20 | AA17: 210 | AB17: 110 | AC17: -14 | AD17: 205 | AF17: 93 | AG17: 230 | AH17: 280 | AI17: 32 | AJ17: 286 | AK17: 225 | AM17: 250 | AN17: 200 | AP17: 235 | AQ17: 547 | AR17: 300 | AS17: 330 | AT17: 145 | AU17: 173 | AW17: 170 | AX17: 145 | AY17: 447 | AZ17: 515 | BA17: 130 | BB17: 136 | BC17: 527 | BD17: 305 | BE17: 505 | BF17: 440 | BG17: 165 | BH17: 43 | BI17: 452 | BJ17: 758 | BK17: 300 | BM17: 1460 | BN17: 770 | BP17: 135 | BQ17: 1265 | BR17: 1027 | BS17: 265 | BT17: 460 | BU17: 325 | BV17: 605 | BW17: 1174 | BX17: 425 | BY17: 446 | BZ17: 1665 | CA17: 1530 | CB17: 1347 | CC17: 785 | CD17: 845 | CE17: 1850 | CF17: 1055 | CG17: 760 | CH17: 2965 | CI17: 245 | CJ17: 1246 | CL17: 14 | CM17: 1701 | CN17: 2060 | CO17: 1630 | CP17: 50 | CQ17: 1150 | CR17: 445 | CS17: 1005 | CT17: 470 | CU17: 3070 | CV17: 1728 | CW17: 762 | CX17: 725 | CY17: 1778 | CZ17: 400 | DA17: 20 | DB17: 4200 | DC17: 1308 | DD17: 2250 | DE17: 922 | DF17: 558 | DG17: =IFERROR(VLOOKUP(G17,Hoja2!$C$1:$E$1548,3,FALSE),0) -> 842 | DH17: =IFERROR(VLOOKUP(G17,Hoja2!$O$1:$P$1906,2,FALSE),0) -> 2148
B18: VSF | D18: MANN-FILTER | E18: Pick up | F18: Cabin Filter | G18: CU 24 006 | H18: FORD Ranger 2012 2.2 TDCi, Ranger 2012 2.5 L, Ranger 2012 3.2 TDCi 11/12Ã¢â€ â€™ | I18: 12 | J18: 520 | K18: 202 | L18: 212 | M18: 24 | N18: 50 | O18: 52 | P18: 160 | Q18: 78 | R18: 106 | S18: 68 | T18: 254 | U18: 424 | V18: 248 | W18: 48 | X18: 252 | Y18: 268 | Z18: 54 | AA18: 32 | AB18: 84 | AC18: 86 | AD18: 282 | AE18: 112 | AF18: 20 | AG18: 198 | AH18: 514 | AI18: 253 | AJ18: 72 | AK18: 174 | AL18: 273 | AM18: 56 | AN18: 255 | AO18: 29 | AP18: 56 | AQ18: 633 | AR18: 372 | AS18: 320 | AT18: 184 | AU18: 170 | AV18: 87 | AW18: 125 | AX18: 330 | AY18: 97 | AZ18: 284 | BA18: 230 | BB18: 55 | BC18: 210 | BD18: 200 | BE18: 470 | BF18: 65 | BG18: 300 | BH18: 220 | BI18: 290 | BJ18: 105 | BK18: 355 | BL18: 25 | BM18: 530 | BN18: 460 | BP18: 72 | BQ18: 721 | BR18: 755 | BS18: 112 | BU18: 245 | BV18: 870 | BW18: 2 | BX18: 376 | BY18: 659 | BZ18: 855 | CA18: 118 | CB18: 275 | CC18: 1125 | CD18: 552 | CE18: 456 | CF18: 325 | CG18: 650 | CH18: 695 | CI18: 820 | CJ18: 3 | CM18: 757 | CN18: 1135 | CO18: 460 | CP18: 168 | CQ18: 412 | CR18: 425 | CS18: 360 | CT18: 205 | CU18: 190 | CV18: 720 | CW18: 345 | CX18: 220 | CY18: 635 | CZ18: 630 | DA18: 413 | DB18: 660 | DC18: 997 | DD18: 323 | DE18: 317 | DF18: 530 | DG18: =IFERROR(VLOOKUP(G18,Hoja2!$C$1:$E$1548,3,FALSE),0) -> 470 | DH18: =IFERROR(VLOOKUP(G18,Hoja2!$O$1:$P$1906,2,FALSE),0) -> 366
B19: VSF | D19: MANN-FILTER | E19: PC | F19: Cabin Filter | G19: CU 2442 | H19: Chevrolet Cruze 2.0 CDI, Cruze 1.8, Spin 1.8 8V - Cobalt 1.8 8V - Prisma 1.4 - Onix 1.4 - Cobalt 1.3 TD - Sonic 1.6 16V | I19: 12 | J19: 194 | K19: 300 | L19: 29 | M19: 8 | N19: 295 | O19: 203 | P19: 98 | Q19: 21 | R19: 141 | S19: 74 | T19: 187 | U19: 316 | V19: 44 | W19: 360 | X19: 380 | Y19: 139 | Z19: 172 | AA19: 88 | AB19: 40 | AC19: 141 | AD19: 217 | AE19: 96 | AF19: 263 | AG19: 152 | AH19: 385 | AI19: 289 | AJ19: 226 | AK19: 169 | AL19: 205 | AM19: 57 | AN19: 56 | AO19: 35 | AP19: 108 | AQ19: 343 | AR19: 290 | AS19: 396 | AT19: 160 | AU19: 99 | AV19: 44 | AW19: 114 | AX19: 127 | AY19: 234 | AZ19: 390 | BA19: 190 | BB19: 140 | BC19: 880 | BD19: 195 | BE19: 445 | BF19: 190 | BG19: 450 | BH19: 140 | BJ19: 505 | BK19: 205 | BL19: 120 | BM19: 625 | BN19: 230 | BO19: 135 | BP19: 65 | BQ19: 160 | BR19: 553 | BS19: 315 | BT19: 521 | BU19: 72 | BV19: 55 | BW19: 690 | BX19: 624 | BY19: 818 | BZ19: 202 | CA19: 228 | CB19: 612 | CC19: 1425 | CD19: 571 | CE19: 494 | CF19: 128 | CG19: 675 | CH19: 464 | CI19: 674 | CJ19: 21 | CK19: 50 | CL19: 13 | CM19: 487 | CN19: 535 | CO19: 180 | CP19: 360 | CQ19: 520 | CR19: 55 | CS19: 696 | CT19: 370 | CU19: 440 | CV19: 68 | CW19: 742 | CX19: 225 | CY19: 328 | CZ19: 450 | DA19: 625 | DB19: 999 | DC19: 700 | DD19: 440 | DE19: 475 | DF19: 30 | DG19: =IFERROR(VLOOKUP(G19,Hoja2!$C$1:$E$1548,3,FALSE),0) -> 737 | DH19: =IFERROR(VLOOKUP(G19,Hoja2!$O$1:$P$1906,2,FALSE),0) -> 243
B20: VSF | D20: MANN-FILTER | E20: PC | F20: Cabin Filter | G20: CU 25 007 | H20: FORD Kuga 2013 / FOCUS III 1.6 - 2.0 | I20: 12 | J20: 5 | O20: 265 | P20: 55 | Q20: 55 | R20: -1 | S20: 32 | T20: 30 | U20: 110 | V20: 1 | W20: 133 | X20: 92 | Z20: 4 | AA20: 85 | AB20: 28 | AC20: 40 | AD20: 55 | AF20: 70 | AG20: 65 | AH20: 84 | AI20: 117 | AJ20: 41 | AK20: 49 | AL20: 108 | AM20: 48 | AN20: 50 | AO20: 40 | AP20: 100 | AQ20: 80 | AR20: 91 | AS20: 148 | AT20: 42 | AU20: 31 | AV20: 14 | AW20: 46 | AX20: 252 | AY20: 206 | AZ20: 100 | BA20: 21 | BB20: 72 | BC20: 165 | BD20: 110 | BE20: 45 | BF20: 180 | BG20: 50 | BI20: 125 | BJ20: 271 | BK20: 210 | BL20: 174 | BM20: 146 | BN20: 160 | BO20: 95 | BP20: 15 | BQ20: 85 | BR20: 95 | BS20: 20 | BT20: 205 | BU20: 10 | BX20: 835 | BZ20: 340 | CA20: 250 | CB20: 240 | CC20: 95 | CD20: 270 | CE20: 129 | CF20: 309 | CG20: 140 | CH20: 375 | CI20: 145 | CJ20: 390 | CK20: 120 | CM20: 110 | CN20: 360 | CO20: 80 | CP20: 55 | CQ20: 174 | CR20: 116 | CS20: 30 | CT20: 284 | CU20: 71 | CV20: 169 | CW20: 50 | CX20: 140 | CY20: 345 | CZ20: 235 | DA20: 240 | DB20: 131 | DC20: 145 | DD20: 192 | DE20: 176 | DG20: =IFERROR(VLOOKUP(G20,Hoja2!$C$1:$E$1548,3,FALSE),0) -> 21 | DH20: =IFERROR(VLOOKUP(G20,Hoja2!$O$1:$P$1906,2,FALSE),0) -> 553
B21: VSF | D21: MANN-FILTER | E21: PC | F21: Cabin Filter | G21: CU 2629 | H21: Fiat Palio y Siena 1,0/1,3/1,6 1/200Ã¢â€ â€™ NÃ‚Â° 7082301 | I21: 12 | J21: 240 | K21: 210 | L21: 395 | M21: 60 | N21: 105 | O21: 20 | P21: 65 | R21: -20 | S21: 41 | T21: 120 | U21: 305 | V21: 195 | W21: 300 | X21: 310 | Y21: 175 | Z21: 162 | AA21: 57 | AC21: 203 | AD21: 5 | AE21: 40 | AF21: 40 | AG21: 270 | AH21: 140 | AI21: 216 | AJ21: 270 | AK21: 155 | AL21: 30 | AM21: 10 | AN21: 12 | AO21: 5 | AP21: 70 | AQ21: 130 | AR21: 151 | AS21: 166 | AT21: 95 | AU21: 97 | AV21: 25 | AW21: 58 | AX21: 50 | AY21: 146 | AZ21: 130 | BB21: 80 | BC21: 63 | BD21: 70 | BE21: 307 | BF21: 25 | BG21: 10 | BH21: 50 | BI21: 135 | BJ21: 90 | BK21: 195 | BM21: 185 | BN21: 430 | BO21: 10 | BP21: 25 | BQ21: 65 | BR21: 170 | BS21: 20 | BT21: 290 | BU21: 65 | BW21: 710 | BX21: 30 | BY21: 20 | BZ21: 210 | CA21: 160 | CB21: 50 | CC21: 175 | CD21: 135 | CE21: 165 | CF21: 105 | CG21: 195 | CI21: 385 | CJ21: 25 | CM21: 200 | CN21: 455 | CO21: 10 | CP21: 275 | CQ21: 74 | CR21: 160 | CS21: 90 | CT21: 35 | CU21: 60 | CV21: 145 | CW21: 90 | CX21: 60 | CY21: 209 | CZ21: 339 | DA21: 51 | DB21: 334 | DC21: 145 | DD21: 221 | DE21: 169 | DF21: 295 | DG21: =IFERROR(VLOOKUP(G21,Hoja2!$C$1:$E$1548,3,FALSE),0) -> 40 | DH21: =IFERROR(VLOOKUP(G21,Hoja2!$O$1:$P$1906,2,FALSE),0) -> 0
B22: VSF | D22: MANN-FILTER | E22: Pick up | F22: Cabin Filter | G22: CU 2842 | H22: VW Amarok | I22: 12 | J22: 185 | K22: 260 | L22: 527 | M22: 135 | N22: 55 | O22: 215 | P22: 155 | Q22: 90 | R22: 335 | S22: 171 | T22: 490 | U22: 62 | V22: 120 | W22: 838 | X22: 305 | Y22: 320 | Z22: 110 | AA22: 457 | AB22: 100 | AC22: 458 | AD22: 50 | AE22: 145 | AF22: 220 | AG22: 357 | AH22: 753 | AI22: 605 | AJ22: 90 | AK22: 265 | AL22: 95 | AM22: 205 | AN22: 120 | AO22: 30 | AP22: 220 | AQ22: 342 | AR22: 355 | AS22: 530 | AT22: 411 | AU22: 305 | AV22: 100 | AW22: 70 | AX22: 142 | AY22: 400 | AZ22: 564 | BA22: 42 | BB22: 198 | BC22: 422 | BD22: 320 | BE22: 310 | BF22: 320 | BG22: 390 | BH22: 520 | BI22: 480 | BJ22: 60 | BK22: 46 | BL22: 1266 | BM22: 1098 | BN22: 630 | BO22: 100 | BP22: 320 | BQ22: 140 | BR22: 980 | BS22: 310 | BT22: 160 | BU22: 40 | BV22: 90 | BW22: 1883 | BX22: 653 | BY22: 1274 | BZ22: 1634 | CA22: 896 | CB22: 559 | CC22: 990 | CD22: 1351 | CE22: 1352 | CF22: 830 | CG22: 840 | CH22: 1095 | CI22: 20 | CJ22: 1080 | CK22: 90 | CM22: 940 | CN22: 1610 | CO22: 290 | CP22: 350 | CQ22: 790 | CR22: 335 | CS22: 1320 | CT22: 280 | CU22: 2008 | CV22: 1082 | CW22: 100 | CX22: 370 | CY22: 1790 | CZ22: 390 | DA22: 1365 | DB22: 1737 | DC22: 860 | DD22: 1108 | DE22: 952 | DF22: 413 | DG22: =IFERROR(VLOOKUP(G22,Hoja2!$C$1:$E$1548,3,FALSE),0) -> 585 | DH22: =IFERROR(VLOOKUP(G22,Hoja2!$O$1:$P$1906,2,FALSE),0) -> 1333
B23: VSF | D23: MANN-FILTER | E23: PC | F23: Cabin Filter | G23: CU 2940 | H23: Citroen Aircross, C3, C4 2.0, Xsara Picasso, Peugeot 307,Partner 97Ã¢â€ â€™,GM Celta 1.4 - Citroen C4 Lounge 2.0 | I23: 12 | J23: 220 | K23: 350 | L23: 310 | M23: 80 | N23: 50 | O23: 115 | P23: 75 | Q23: 125 | R23: 85 | S23: 143 | T23: 215 | U23: 96 | V23: 314 | W23: 285 | X23: 240 | Y23: 180 | Z23: 275 | AA23: 210 | AC23: 195 | AD23: 150 | AF23: 85 | AG23: 155 | AH23: 348 | AI23: 270 | AJ23: 135 | AK23: 140 | AL23: 138 | AM23: 100 | AN23: 107 | AP23: 180 | AQ23: 273 | AR23: 180 | AS23: 259 | AT23: 92 | AU23: 110 | AV23: 60 | AW23: 20 | AX23: 106 | AY23: 148 | AZ23: 225 | BA23: 245 | BB23: 41 | BC23: 234 | BD23: 75 | BE23: 65 | BF23: 60 | BG23: 345 | BH23: 120 | BI23: 95 | BJ23: 150 | BK23: 135 | BL23: 35 | BM23: 490 | BN23: 370 | BP23: 40 | BQ23: 645 | BR23: 485 | BS23: 120 | BT23: 190 | BU23: 260 | BV23: 415 | BW23: 190 | BX23: 490 | BY23: 493 | BZ23: 351 | CA23: 750 | CB23: 246 | CC23: 149 | CD23: 260 | CE23: 362 | CF23: 325 | CG23: 365 | CH23: 288 | CI23: 490 | CJ23: 180 | CK23: 481 | CM23: 97 | CN23: 300 | CO23: 80 | CP23: 185 | CQ23: 159 | CR23: 220 | CS23: 135 | CT23: 130 | CU23: 180 | CV23: 380 | CW23: 90 | CX23: 260 | CY23: 277 | CZ23: 294 | DA23: 100 | DB23: 706 | DC23: 320 | DD23: 30 | DE23: 180 | DF23: 500 | DG23: =IFERROR(VLOOKUP(G23,Hoja2!$C$1:$E$1548,3,FALSE),0) -> 520 | DH23: =IFERROR(VLOOKUP(G23,Hoja2!$O$1:$P$1906,2,FALSE),0) -> 768
B24: VSF | D24: MANN-FILTER | E24: CV | F24: Cabin Filter | G24: CU 37 001 | H24: SCANIA P340 R340 R480 | I24: 12 | K24: 155 | L24: 100 | M24: 249 | N24: 46 | O24: 12 | P24: 279 | Q24: 14 | R24: 118 | S24: 52 | T24: 205 | U24: 156 | V24: 59 | W24: 246 | X24: 251 | Y24: 462 | Z24: 205 | AA24: 156 | AB24: -8 | AC24: 157 | AD24: 21 | AE24: 72 | AF24: 244 | AG24: 373 | AH24: 241 | AI24: 117 | AJ24: 110 | AK24: 240 | AL24: 106 | AM24: 114 | AN24: 175 | AP24: 203 | AQ24: 533 | AR24: 424 | AS24: 324 | AT24: 70 | AU24: 103 | AV24: 80 | AW24: 160 | AX24: 291 | AY24: 175 | AZ24: 190 | BA24: 140 | BB24: 295 | BC24: 17 | BD24: 530 | BE24: 723 | BF24: 210 | BG24: 450 | BH24: 60 | BI24: 47 | BJ24: 383 | BK24: 675 | BL24: 27 | BM24: 170 | BN24: 365 | BP24: 258 | BQ24: 657 | BR24: 153 | BS24: 320 | BT24: 130 | BU24: 340 | BV24: 310 | BW24: 95 | BX24: 175 | BY24: 195 | BZ24: 835 | CA24: 290 | CB24: 170 | CC24: 360 | CD24: 185 | CE24: 240 | CF24: 592 | CG24: 178 | CH24: 225 | CI24: 460 | CJ24: 185 | CM24: 350 | CN24: 457 | CO24: 110 | CP24: 563 | CQ24: 190 | CR24: 285 | CS24: 480 | CT24: 90 | CU24: 230 | CV24: 125 | CW24: 130 | CX24: 360 | CY24: 335 | CZ24: 370 | DA24: 152 | DB24: 288 | DC24: 120 | DD24: 190 | DE24: 220 | DF24: 285 | DG24: =IFERROR(VLOOKUP(G24,Hoja2!$C$1:$E$1548,3,FALSE),0) -> 125 | DH24: =IFERROR(VLOOKUP(G24,Hoja2!$O$1:$P$1906,2,FALSE),0) -> 170
B25: VSF | D25: MANN-FILTER | E25: CV | F25: Cabin Filter | G25: CU 5877 | H25: Mercedes Benz Atego 1725 | I25: 12 | K25: 37 | L25: 20 | M25: 20 | N25: 25 | O25: 24 | P25: 6 | Q25: 13 | R25: -28 | S25: 38 | T25: 62 | U25: 35 | V25: 39 | W25: 71 | X25: 14 | Y25: 19 | Z25: 61 | AA25: 64 | AB25: 17 | AC25: 20 | AD25: 65 | AF25: 70 | AG25: 70 | AH25: 52 | AI25: 52 | AJ25: 37 | AK25: 40 | AL25: 45 | AM25: 80 | AN25: 101 | AO25: 37 | AP25: 28 | AQ25: 92 | AR25: 73 | AS25: 45 | AT25: 216 | AU25: 60 | AW25: 5 | AX25: 130 | AY25: 137 | AZ25: 128 | BA25: 80 | BB25: 50 | BC25: 183 | BD25: 120 | BE25: 100 | BF25: 20 | BG25: 106 | BI25: 36 | BJ25: 200 | BK25: 10 | BL25: 250 | BM25: 473 | BN25: 95 | BO25: 25 | BP25: 5 | BQ25: 115 | BR25: 50 | BS25: 60 | BT25: 65 | BU25: 268 | BV25: 132 | BW25: 115 | BX25: 115 | BY25: 40 | BZ25: 250 | CA25: 190 | CB25: 270 | CC25: 85 | CD25: 5 | CE25: 40 | CF25: 95 | CG25: 275 | CH25: 240 | CI25: 17 | CM25: 348 | CN25: 365 | CO25: 35 | CP25: 667 | CQ25: 90 | CR25: 250 | CS25: 283 | CT25: 40 | CU25: 120 | CV25: 130 | CW25: 110 | CX25: 140 | CY25: 230 | CZ25: 70 | DB25: 2 | DD25: 568 | DE25: 31 | DF25: 279 | DG25: =IFERROR(VLOOKUP(G25,Hoja2!$C$1:$E$1548,3,FALSE),0) -> 202 | DH25: =IFERROR(VLOOKUP(G25,Hoja2!$O$1:$P$1906,2,FALSE),0) -> 33
B26: VSF | D26: MANN-FILTER | E26: PC | F26: Cabin Filter | G26: CUK 20 011 | H26: FIAT Palio 1.4 8V Evo-1.6 E-TORQ-Uno 1.4 EVO 8V Fire | I26: 12 | J26: 4 | K26: 165 | L26: 35 | O26: 90 | P26: 57 | Q26: 51 | R26: 16 | S26: 12 | T26: 5 | U26: 205 | W26: 178 | X26: 97 | AL26: 761 | AN26: 272 | AP26: 21 | AQ26: 86 | AR26: 35 | AS26: 41 | AU26: 9 | AW26: 18 | AX26: 223 | AY26: 28 | AZ26: 19 | BA26: 12 | BB26: 41 | BC26: 142 | BD26: 94 | BE26: 70 | BF26: 19 | BG26: 110 | BN26: 1563 | BV26: 914 | BW26: 1005 | BY26: 4 | BZ26: 8 | CB26: 545 | CC26: 1093 | CD26: 180 | CE26: 510 | CF26: 79 | CG26: 901 | CH26: 595 | CI26: 290 | CJ26: 73 | CN26: 758 | CO26: 420 | CP26: 110 | CQ26: 357 | CR26: 250 | CS26: 270 | CT26: 207 | CU26: 140 | CV26: 405 | CW26: 101 | CX26: 285 | CY26: 233 | DA26: 687 | DB26: 260 | DC26: 1265 | DD26: 416 | DE26: 474 | DF26: 1 | DG26: =IFERROR(VLOOKUP(G26,Hoja2!$C$1:$E$1548,3,FALSE),0) -> 999 | DH26: =IFERROR(VLOOKUP(G26,Hoja2!$O$1:$P$1906,2,FALSE),0) -> 1140
B27: VSF | D27: MANN-FILTER | E27: PC | F27: Cabin Filter | G27: CUK 26 009 | H27: AUDI A3 1.4-1.8 TFSI - 2.0 TDI / VW Golf VII 1.4 TSI-1.6 MSI -2.0 GTI | I27: 12 | J27: 20 | K27: 12 | M27: 12 | N27: 8 | O27: 20 | P27: 8 | Q27: 24 | R27: 4 | S27: 32 | T27: 16 | U27: 52 | V27: 20 | W27: 12 | X27: 52 | Y27: 52 | AB27: 8 | AC27: 32 | AD27: 17 | AE27: 12 | AF27: 12 | AG27: 106 | AH27: 64 | AI27: 52 | AJ27: 137 | AK27: 44 | AL27: 79 | AM27: 16 | AO27: 50 | AQ27: 104 | AR27: 50 | AS27: 93 | AT27: 29 | AW27: 96 | AX27: 62 | AY27: 62 | AZ27: 171 | BA27: 84 | BB27: 5 | BC27: 165 | BD27: 91 | BE27: 113 | BF27: 85 | BG27: 100 | BJ27: 25 | BL27: 290 | BM27: 96 | BN27: 100 | BP27: 40 | BQ27: 170 | BR27: 205 | BS27: 36 | BT27: 5 | BV27: 200 | BW27: 230 | BX27: 155 | BY27: 195 | BZ27: 575 | CA27: 490 | CB27: 27 | CC27: 691 | CD27: 20 | CE27: 484 | CG27: 250 | CH27: 101 | CI27: 142 | CJ27: 191 | CK27: 270 | CL27: 70 | CM27: 190 | CN27: 165 | CO27: 200 | CP27: 40 | CQ27: 100 | CR27: 70 | CS27: 140 | CT27: 100 | CU27: 45 | CV27: 130 | CW27: 65 | CX27: 65 | CY27: 275 | CZ27: 260 | DA27: 235 | DB27: 105 | DC27: 17 | DD27: 210 | DE27: 278 | DF27: 114 | DG27: =IFERROR(VLOOKUP(G27,Hoja2!$C$1:$E$1548,3,FALSE),0) -> 168 | DH27: =IFERROR(VLOOKUP(G27,Hoja2!$O$1:$P$1906,2,FALSE),0) -> 172
B28: VSF | D28: MANN-FILTER | E28: PC | F28: Oil Filter | G28: HU 6006 Z | H28: Toyota corolla 1.8 2012Ã¢â€ â€™/ rav 4 /prius (Reemplaza a HU 6006 x) | I28: 12 | J28: 1910 | K28: 220 | L28: 170 | M28: 695 | N28: 1010 | O28: 195 | P28: 265 | Q28: 730 | R28: 350 | S28: 87 | T28: 480 | U28: 175 | V28: 460 | W28: 595 | X28: 272 | Y28: 923 | Z28: 1098 | AA28: 330 | AB28: 256 | AC28: 50 | AD28: 901 | AE28: 29 | AF28: 1035 | AG28: 430 | AH28: 2195 | AI28: 164 | AJ28: 426 | AK28: 47 | AW28: 435 | AX28: 1110 | AY28: 1470 | AZ28: 330 | BA28: 611 | BB28: 813 | BD28: 678 | BE28: 690 | BF28: 1560 | BG28: 1022 | BH28: 234 | BI28: 413 | BJ28: 470 | BK28: 953 | BL28: 817 | BM28: 1310 | BN28: 1071 | BO28: 19 | BP28: 1419 | BQ28: 632 | BR28: 1000 | BS28: 970 | BT28: 738 | BU28: 590 | BV28: 580 | BW28: 1232 | BX28: 690 | BY28: 1440 | BZ28: 760 | CA28: 1310 | CB28: 508 | CC28: 1302 | CD28: 740 | CE28: 1270 | CF28: 257 | CG28: 2023 | CH28: 127 | CI28: 1759 | CJ28: 900 | CL28: 1280 | CM28: 1540 | CN28: 1751 | CO28: 98 | CP28: 2639 | CQ28: 320 | CR28: 160 | CS28: 2183 | CT28: 400 | CU28: 410 | CV28: 1450 | CW28: 1830 | CX28: 760 | CY28: 130 | CZ28: 271 | DA28: 360 | DB28: 190 | DC28: 3250 | DD28: 1320 | DE28: 28 | DF28: 640 | DG28: =IFERROR(VLOOKUP(G28,Hoja2!$C$1:$E$1548,3,FALSE),0) -> 1135 | DH28: =IFERROR(VLOOKUP(G28,Hoja2!$O$1:$P$1906,2,FALSE),0) -> 450
B29: VSF | D29: MANN-FILTER | E29: PC | F29: Oil Filter | G29: HU 6011 Z | H29: RENAULT Master III 2.3 Dci 2013Ã¢â€ â€™ / MERCEDES-BENZ VITO 2015 Ã¢â€ â€™ NISSAN Frontier 2.3 dCi NP300 2016Ã¢â€ â€™ /Renault Alaskan | I29: 12 | J29: 40 | K29: 85 | L29: 40 | M29: 90 | N29: 125 | O29: 60 | P29: 50 | Q29: 55 | R29: 70 | S29: 137 | T29: 113 | U29: 60 | W29: 200 | X29: 217 | Y29: 85 | Z29: 110 | AA29: 218 | AC29: 180 | AD29: 240 | AE29: 70 | AF29: 234 | AG29: 98 | AH29: 186 | AI29: 140 | AJ29: 172 | AK29: 455 | AL29: 143 | AM29: 107 | AN29: 271 | AO29: 164 | AP29: 218 | AQ29: 160 | AR29: 190 | AS29: 158 | AT29: 174 | AU29: 606 | AV29: 19 | AW29: 106 | AX29: 220 | AY29: 290 | AZ29: 140 | BA29: 255 | BB29: 134 | BC29: 400 | BD29: 420 | BE29: 361 | BF29: 280 | BG29: 119 | BH29: 110 | BI29: 120 | BJ29: 350 | BM29: 530 | BN29: 1226 | BP29: 74 | BQ29: 987 | BR29: 260 | BS29: 353 | BT29: 884 | BU29: 466 | BV29: 434 | BW29: 336 | BX29: 204 | BY29: 756 | BZ29: 1140 | CA29: 564 | CB29: 414 | CC29: 235 | CD29: 440 | CE29: 717 | CF29: 350 | CG29: 790 | CH29: 440 | CI29: 573 | CJ29: 157 | CM29: 995 | CN29: 920 | CO29: 180 | CP29: 840 | CQ29: 310 | CR29: 260 | CS29: 620 | CT29: 450 | CU29: 360 | CV29: 720 | CW29: 370 | CX29: 570 | CY29: 432 | CZ29: 513 | DA29: 397 | DB29: 700 | DC29: 640 | DD29: 560 | DE29: 803 | DF29: 200 | DG29: =IFERROR(VLOOKUP(G29,Hoja2!$C$1:$E$1548,3,FALSE),0) -> 400 | DH29: =IFERROR(VLOOKUP(G29,Hoja2!$O$1:$P$1906,2,FALSE),0) -> 1230
B30: VSF | D30: MANN-FILTER | E30: PC | F30: Oil Filter | G30: HU 6013 z | H30: AUDI A3 TFSI 1.8 180 CV - Q5 2.0 TFSI 225CV - VW VENTO 2.0 TSI 2013Ã¢â€ â€™ VW GOLF 2.0 GTI 2013Ã¢â€ â€™ (Reemplaza a HU 6002 z) | I30: 12 | AL30: 100 | AM30: 46 | AN30: 94 | AO30: 312 | AP30: 164 | AQ30: 20 | AR30: 158 | AS30: 92 | AT30: 154 | AU30: 27 | AV30: 7 | AW30: 86 | AX30: 110 | AY30: 307 | AZ30: 141 | BA30: 152 | BB30: 167 | BC30: 72 | BD30: 99 | BE30: 10 | BF30: 170 | BG30: 12 | BH30: 530 | BI30: 199 | BJ30: 289 | BK30: 152 | BL30: 146 | BM30: 172 | BN30: 441 | BP30: 35 | BQ30: 428 | BR30: 237 | BT30: 590 | BU30: 130 | BV30: 311 | BW30: 622 | BX30: 152 | BY30: 312 | BZ30: 222 | CA30: 414 | CB30: 374 | CC30: 122 | CD30: 354 | CE30: 206 | CF30: 152 | CG30: 526 | CH30: 214 | CI30: 386 | CJ30: 134 | CM30: 592 | CN30: 362 | CO30: 206 | CP30: 650 | CQ30: 134 | CR30: 60 | CS30: 92 | CT30: 78 | CU30: 290 | CV30: 402 | CW30: 276 | CX30: 322 | CY30: 247 | CZ30: 309 | DB30: 594 | DC30: 312 | DD30: 292 | DE30: 190 | DF30: 212 | DG30: =IFERROR(VLOOKUP(G30,Hoja2!$C$1:$E$1548,3,FALSE),0) -> 200 | DH30: =IFERROR(VLOOKUP(G30,Hoja2!$O$1:$P$1906,2,FALSE),0) -> 390
B31: VSF | D31: MANN-FILTER | E31: PC | F31: Oil Filter | G31: HU 612/2 x | H31: Chevrolet Cruze 1.8, Sonic 1.6 16V | I31: 12 | J31: 600 | K31: 360 | L31: 1002 | M31: 120 | N31: 998 | O31: 254 | P31: 1288 | Q31: 612 | R31: 420 | S31: 526 | T31: 514 | U31: 1200 | W31: 1470 | X31: 1480 | Y31: 1068 | Z31: 502 | AA31: 1200 | AB31: 560 | AC31: 594 | AD31: 1628 | AE31: 370 | AF31: 489 | AG31: 230 | AH31: 724 | AI31: 3612 | AJ31: 328 | AK31: 479 | AL31: 486 | AM31: 193 | AN31: 1114 | AO31: 338 | AP31: 266 | AQ31: 2050 | AR31: 770 | AS31: 276 | AT31: 1114 | AU31: 298 | AV31: 832 | AW31: 210 | AX31: 1034 | AY31: 210 | AZ31: 660 | BA31: 340 | BB31: 1800 | BC31: 330 | BD31: 461 | BE31: 984 | BF31: 1130 | BG31: 890 | BH31: 910 | BI31: 449 | BJ31: 765 | BK31: 1250 | BL31: 161 | BM31: 646 | BN31: 1765 | BO31: 235 | BP31: 635 | BQ31: 1600 | BR31: 816 | BS31: 1388 | BT31: 3144 | BU31: 1896 | BV31: 300 | BW31: 1718 | BX31: 647 | BY31: 1687 | BZ31: 1200 | CA31: 1508 | CB31: 1236 | CC31: 412 | CD31: 970 | CE31: 1126 | CF31: 1700 | CG31: 662 | CH31: 1288 | CI31: 1292 | CJ31: 742 | CK31: 48 | CL31: 1080 | CM31: 742 | CN31: 1940 | CO31: 570 | CP31: 850 | CQ31: 1051 | CR31: 910 | CS31: 825 | CT31: 680 | CU31: 370 | CV31: 1620 | CW31: 551 | CX31: 1435 | CY31: 160 | CZ31: 580 | DA31: 485 | DB31: 2330 | DD31: 500 | DF31: 1981 | DG31: =IFERROR(VLOOKUP(G31,Hoja2!$C$1:$E$1548,3,FALSE),0) -> 1600 | DH31: =IFERROR(VLOOKUP(G31,Hoja2!$O$1:$P$1906,2,FALSE),0) -> 620
B32: VSF | D32: MANN-FILTER | E32: Pick up | F32: Oil Filter | G32: HU 7002 Z | H32: FORD RANGER NUEVA 2,2 TDCi 125cv 2012 Ã¢â€ â€™, 3,2 TDCi 200cv 2012 Ã¢â€ â€™ | I32: 12 | J32: 72 | K32: 1080 | L32: 1020 | M32: 156 | N32: 200 | O32: 432 | P32: 1332 | Q32: 510 | R32: 808 | S32: 372 | T32: 326 | U32: 104 | V32: 100 | W32: 620 | X32: 1298 | Y32: 1106 | Z32: 378 | AA32: 834 | AB32: 586 | AC32: 92 | AD32: 1356 | AE32: 739 | AF32: 444 | AI32: 1596 | AJ32: 1847 | AK32: 662 | AL32: 212 | AM32: 2016 | AN32: 448 | AO32: 124 | AP32: 660 | AQ32: 2006 | AR32: 714 | AS32: 266 | AT32: 287 | AU32: 988 | AV32: 135 | AW32: 150 | AX32: 640 | AY32: 1070 | AZ32: 370 | BA32: 1340 | BB32: 560 | BC32: 490 | BD32: 750 | BE32: 921 | BF32: 880 | BI32: 3450 | BJ32: 369 | BK32: 1481 | BL32: 949 | BM32: 1240 | BN32: 1371 | BQ32: 2080 | BR32: 3335 | BS32: 575 | BT32: 1450 | BU32: 2440 | BV32: 110 | BW32: 1490 | BX32: 930 | BY32: 1090 | BZ32: 1770 | CA32: 1490 | CB32: 1450 | CC32: 770 | CD32: 1930 | CE32: 1540 | CF32: 2075 | CG32: 390 | CH32: 1870 | CI32: 820 | CL32: 1230 | CM32: 2065 | CN32: 2360 | CO32: 555 | CP32: 1400 | CQ32: 1367 | CR32: 1743 | CS32: 895 | CT32: 1100 | CU32: 1170 | CV32: 3560 | CW32: 180 | CX32: 2210 | CY32: 440 | CZ32: 730 | DA32: 840 | DB32: 1030 | DC32: 1270 | DD32: 2130 | DE32: 552 | DF32: 2061 | DG32: =IFERROR(VLOOKUP(G32,Hoja2!$C$1:$E$1548,3,FALSE),0) -> 602 | DH32: =IFERROR(VLOOKUP(G32,Hoja2!$O$1:$P$1906,2,FALSE),0) -> 2042
B33: VSF | D33: MANN-FILTER | E33: Pick up | F33: Oil Filter | G33: HU 7008 z | H33: VW Amarok 2,0 td 2010 Ã¢â€ â€™ (oem VW 03L115562) | I33: 12 | J33: 3125 | K33: 870 | L33: 991 | N33: 2361 | O33: 889 | P33: 2525 | Q33: 1402 | R33: 542 | S33: 1588 | T33: 2580 | U33: 570 | V33: 583 | W33: 1040 | X33: 1490 | Y33: 2060 | Z33: 2778 | AA33: 922 | AB33: 500 | AC33: 863 | AD33: 4560 | AE33: 170 | AF33: 3408 | AG33: 1080 | AH33: 792 | AI33: 1004 | AJ33: 1804 | AK33: 705 | AL33: 948 | AM33: 1954 | AN33: 684 | AO33: 1312 | AP33: 864 | AQ33: 2510 | AR33: 1496 | AS33: 1480 | AT33: 1767 | AU33: 300 | AV33: 2003 | AW33: 500 | AX33: 1099 | AY33: 1280 | AZ33: 1560 | BA33: 1012 | BB33: 1267 | BC33: 2083 | BD33: 750 | BE33: 1420 | BF33: 1550 | BG33: 800 | BH33: 1030 | BI33: 1270 | BJ33: 1981 | BK33: 880 | BL33: 2700 | BM33: 1200 | BN33: 85 | BP33: 1095 | BQ33: 2502 | BR33: 870 | BS33: 1342 | BT33: 1200 | BU33: 500 | BV33: 2891 | BW33: 1648 | BX33: 1211 | BY33: 2740 | BZ33: 2040 | CA33: 3080 | CB33: 2430 | CC33: 1580 | CD33: 2610 | CE33: 3884 | CF33: 2050 | CG33: 3680 | CH33: 1396 | CI33: 610 | CJ33: 1071 | CL33: 1800 | CM33: 2900 | CN33: 3199 | CO33: 1260 | CP33: 1651 | CQ33: 2239 | CR33: 811 | CS33: 5155 | CT33: 510 | CU33: 2370 | CV33: 2010 | CW33: 2905 | CX33: 2610 | CY33: 890 | CZ33: 320 | DA33: 1560 | DB33: 1610 | DC33: 1205 | DD33: 3710 | DE33: 1230 | DF33: 1500 | DG33: =IFERROR(VLOOKUP(G33,Hoja2!$C$1:$E$1548,3,FALSE),0) -> 1412 | DH33: =IFERROR(VLOOKUP(G33,Hoja2!$O$1:$P$1906,2,FALSE),0) -> 2240
B34: VSF | D34: MANN-FILTER | E34: PC | F34: Oil Filter | G34: HU 7010 Z | H34: MERCEDES BENZ A-Klasse A 180 CDI 1.8 B-Klasse B 180 CDI C-Klasse C 180 CDI Sprinter II 210 CDI- JEEP Compass 2.2 CRD Patriot 2.2 CRD Sprinter II 210 CDI | I34: 12 | J34: 410 | K34: 145 | L34: 395 | M34: 420 | N34: 295 | O34: 654 | P34: 656 | Q34: 255 | R34: 489 | S34: 260 | T34: 330 | U34: 30 | V34: 70 | W34: 1200 | X34: 480 | Y34: 820 | Z34: 730 | AA34: 710 | AB34: 695 | AC34: 75 | AD34: 1460 | AE34: 225 | AF34: 585 | AG34: 675 | AH34: 950 | AI34: 689 | AJ34: 645 | AK34: 675 | AL34: 796 | AM34: 700 | AN34: 1090 | AO34: 810 | AP34: 700 | AQ34: 614 | AR34: 726 | AS34: 510 | AT34: 895 | AU34: 45 | AV34: 5 | AW34: 721 | AX34: 1360 | AY34: 325 | AZ34: 290 | BA34: 865 | BB34: 564 | BC34: 170 | BD34: 636 | BE34: 424 | BF34: 866 | BG34: 490 | BH34: 320 | BI34: 410 | BJ34: 550 | BK34: 1190 | BL34: 4 | BM34: 350 | BP34: 380 | BQ34: 1666 | BR34: 44 | BS34: 1530 | BT34: 1600 | BU34: 730 | BV34: 690 | BW34: 480 | BX34: 490 | BY34: 570 | BZ34: 570 | CA34: 550 | CB34: 1280 | CC34: 600 | CD34: 1080 | CE34: 1500 | CF34: 820 | CG34: 590 | CH34: 660 | CI34: 880 | CJ34: 880 | CM34: 1410 | CN34: 1460 | CO34: 80 | CP34: 1040 | CQ34: 560 | CR34: 700 | CS34: 600 | CT34: 330 | CU34: 450 | CV34: 460 | CW34: 400 | CX34: 740 | CY34: 600 | CZ34: 490 | DA34: 450 | DB34: 620 | DC34: 700 | DD34: 630 | DE34: 928 | DF34: 532 | DG34: =IFERROR(VLOOKUP(G34,Hoja2!$C$1:$E$1548,3,FALSE),0) -> 90 | DH34: =IFERROR(VLOOKUP(G34,Hoja2!$O$1:$P$1906,2,FALSE),0) -> 480
B35: VSF | D35: MANN-FILTER | E35: PC | F35: Oil Filter | G35: HU 7012 Z | H35: AUDI Q7 3.0 TDI 2016Ã¢â€ â€™, VW Amarok 3.0 V6 225 CV | I35: 12 | Z35: 10 | AC35: 8 | AF35: 24 | AG35: 100 | AI35: 418 | AJ35: 56 | AK35: 45 | AM35: 38 | AN35: 38 | AO35: 88 | AP35: 41 | AR35: 33 | AS35: 37 | AT35: 22 | AU35: 49 | AV35: 35 | AW35: 5 | AX35: 12 | AY35: 55 | AZ35: 82 | BB35: 86 | BC35: 75 | BD35: 86 | BE35: 268 | BF35: 118 | BI35: 306 | BJ35: 232 | BK35: 66 | BM35: 218 | BN35: 20 | BP35: 440 | BQ35: 264 | BR35: 154 | BS35: 138 | BT35: 258 | BU35: 137 | BW35: 900 | BX35: 357 | BY35: 556 | BZ35: 192 | CA35: 544 | CC35: 298 | CD35: 354 | CE35: 460 | CF35: 270 | CG35: 178 | CH35: 238 | CI35: 440 | CM35: 1024 | CN35: 612 | CO35: 310 | CP35: 492 | CQ35: 338 | CR35: 304 | CS35: 726 | CT35: 82 | CU35: 532 | CV35: 550 | CW35: 245 | CX35: 904 | CY35: 719 | CZ35: 398 | DA35: 401 | DB35: 1544 | DC35: 50 | DD35: 1339 | DE35: 564 | DF35: 665 | DG35: =IFERROR(VLOOKUP(G35,Hoja2!$C$1:$E$1548,3,FALSE),0) -> 238 | DH35: =IFERROR(VLOOKUP(G35,Hoja2!$O$1:$P$1906,2,FALSE),0) -> 1114
B36: VSF | D36: MANN-FILTER | E36: PC | F36: Oil Filter | G36: HU 711/51 X | H36: Peugeot/Citroen Varios; Peugeot 407 2005 2.0 HDI; N* Orig. Citroen 1109-X4/1109-Z2, Peugeot 1109-X3/Z1; Volvo 30650798; Ford 1303476, Peugeot 207 1.6 16V, Fiat Qubo 1.4 8V - Citroen C4 Lounge 2.0 - Peugeot 208 1.5 8V | I36: 12 | J36: 7650 | K36: 6790 | L36: 6185 | M36: 3280 | O36: 2010 | P36: 12590 | Q36: 5550 | R36: 1230 | S36: 4610 | T36: 5180 | U36: 3690 | V36: 4250 | W36: 1238 | X36: 3460 | Y36: 6790 | Z36: 5090 | AA36: 8925 | AB36: 2170 | AC36: 5045 | AD36: 5135 | AE36: 150 | AF36: 11269 | AG36: 1111 | AH36: 9679 | AI36: 3072 | AJ36: 5960 | AK36: 1295 | AL36: 4866 | AM36: 1124 | AN36: 6129 | AO36: 1602 | AP36: 4950 | AQ36: 1308 | AR36: 6872 | AS36: 1932 | AT36: 2620 | AU36: 8606 | AV36: 1143 | AW36: 1300 | AX36: 2400 | AY36: 608 | AZ36: 1802 | BA36: 4190 | BB36: 3780 | BC36: 4702 | BD36: 2153 | BE36: 3612 | BF36: 242 | BG36: 4120 | BH36: 8301 | BI36: 1700 | BJ36: 1699 | BK36: 7923 | BL36: 6289 | BM36: 11560 | BN36: 1652 | BO36: 2700 | BP36: 3150 | BQ36: 2750 | BR36: 8895 | BS36: 3212 | BT36: 2861 | BU36: 8850 | BV36: 1980 | BW36: 900 | BX36: 1700 | BY36: 2488 | BZ36: 4550 | CA36: 3740 | CB36: 5490 | CC36: 3350 | CD36: 2500 | CE36: 8108 | CF36: 1942 | CG36: 4356 | CH36: 4592 | CI36: 2926 | CJ36: 4724 | CL36: 6900 | CM36: 5466 | CN36: 9290 | CO36: 2140 | CP36: 5848 | CQ36: 2624 | CR36: 3428 | CS36: 13503 | CT36: 1440 | CU36: 5404 | CV36: 3420 | CW36: 9907 | CX36: 6481 | CY36: 3580 | CZ36: 3560 | DA36: 3185 | DB36: 9199 | DC36: 3696 | DD36: 4300 | DE36: 3570 | DF36: 2111 | DG36: =IFERROR(VLOOKUP(G36,Hoja2!$C$1:$E$1548,3,FALSE),0) -> 3097 | DH36: =IFERROR(VLOOKUP(G36,Hoja2!$O$1:$P$1906,2,FALSE),0) -> 2640
B37: VSF | D37: MANN-FILTER | E37: PC | F37: Oil Filter | G37: HU 711/6 Z | H37: MERCEDES-BENZ Clase A-B-CLA-E BlueEFFICIENCY M 270(Reemplaza a HU 7044 z) | I37: 12 | J37: 80 | K37: 100 | N37: 150 | O37: 12 | P37: 118 | Q37: 30 | S37: 42 | T37: 152 | U37: 10 | V37: 146 | W37: 10 | X37: 88 | Y37: 2 | Z37: -2 | AA37: 2 | AB37: 240 | AC37: -2 | BA37: 275 | BB37: 86 | BC37: 70 | BD37: 86 | BE37: 192 | BF37: 223 | BH37: 220 | BI37: 320 | BJ37: 509 | BK37: 116 | BL37: 34 | BM37: 180 | BN37: 150 | BP37: 360 | BQ37: 466 | BR37: 226 | BS37: 168 | BT37: 128 | BU37: 134 | BV37: 272 | BW37: 116 | BX37: 164 | BY37: 158 | BZ37: 180 | CA37: 102 | CB37: 158 | CC37: 46 | CD37: 300 | CE37: 183 | CF37: 120 | CG37: 130 | CH37: 300 | CI37: 75 | CJ37: 128 | CK37: 20 | CM37: 120 | CN37: 112 | CO37: 258 | CP37: 294 | CQ37: 28 | CR37: 139 | CS37: 77 | CT37: 32 | CU37: 116 | CV37: 70 | CW37: 112 | CX37: 98 | CY37: 52 | CZ37: 104 | DA37: 76 | DB37: 92 | DC37: 64 | DD37: 106 | DE37: 178 | DF37: 188 | DG37: =IFERROR(VLOOKUP(G37,Hoja2!$C$1:$E$1548,3,FALSE),0) -> 4 | DH37: =IFERROR(VLOOKUP(G37,Hoja2!$O$1:$P$1906,2,FALSE),0) -> 174
B38: VSF | D38: MANN-FILTER | E38: PC | F38: Oil Filter | G38: HU 716/2 X | H38: Citroen C3, Xsara, Ford Fiesta NÃ‚Â° orig. Citroen 1109-s5/1109-T3 Ford 1147685 | I38: 12 | J38: 1224 | K38: 1152 | L38: 1200 | M38: 748 | N38: 550 | O38: 600 | P38: 2467 | Q38: 438 | R38: 1014 | S38: 524 | T38: 761 | U38: 24 | V38: 2055 | W38: 93 | X38: 1402 | Y38: 2750 | Z38: 127 | AA38: 1499 | AB38: 884 | AC38: 1150 | AD38: 1524 | AE38: 306 | AF38: 947 | AG38: 589 | AH38: 624 | AI38: 682 | AJ38: 578 | AK38: 1555 | AM38: 2017 | AN38: 749 | AO38: 353 | AP38: 1320 | AQ38: 678 | AR38: 813 | AS38: 332 | AT38: 1490 | AU38: 617 | AW38: 1341 | AX38: 1200 | AY38: 436 | AZ38: 800 | BA38: 760 | BB38: 980 | BC38: 440 | BD38: 240 | BE38: 810 | BF38: 580 | BG38: 1300 | BH38: 841 | BI38: 940 | BJ38: 660 | BK38: 1260 | BL38: 420 | BM38: 420 | BN38: 301 | BO38: 14 | BP38: 30 | BQ38: 1621 | BR38: 489 | BS38: 1090 | BT38: 2136 | BU38: 2134 | BV38: 1065 | BW38: 1965 | BX38: 1256 | BY38: 1240 | BZ38: 1340 | CA38: 1660 | CB38: 1560 | CC38: 620 | CD38: 830 | CE38: 1140 | CF38: 1220 | CG38: 1040 | CH38: 1210 | CI38: 1780 | CJ38: 2105 | CM38: 2210 | CO38: 1585 | CP38: 1015 | CQ38: 1340 | CR38: 1150 | CS38: 520 | CT38: 600 | CU38: 700 | CV38: 3111 | CW38: 952 | CX38: 120 | CY38: 986 | CZ38: 734 | DA38: 36 | DB38: 2084 | DC38: 916 | DD38: 600 | DE38: 1500 | DF38: 700 | DG38: =IFERROR(VLOOKUP(G38,Hoja2!$C$1:$E$1548,3,FALSE),0) -> 237 | DH38: =IFERROR(VLOOKUP(G38,Hoja2!$O$1:$P$1906,2,FALSE),0) -> 1860
B39: VSF | D39: MANN-FILTER | E39: PC | F39: Oil Filter | G39: HU 718/1 K | H39: MERCEDES-BENZ Sprinter 311-313-413 CDI - C-Klasse 220 CDI- E-Klasse 220 CDI- Viano 2.0 CDI | I39: 12 | J39: 520 | K39: 510 | L39: 810 | M39: 589 | N39: 50 | O39: 300 | P39: 1430 | Q39: 586 | R39: 410 | S39: 416 | T39: 320 | U39: 520 | V39: 998 | W39: 150 | X39: 680 | Y39: 730 | Z39: 901 | AA39: 624 | AB39: 154 | AC39: 490 | AD39: 1450 | AE39: 30 | AF39: 637 | AG39: 380 | AH39: 550 | AI39: 511 | AJ39: 820 | AK39: 295 | AL39: 596 | AM39: 390 | AN39: 556 | AO39: 258 | AP39: 210 | AQ39: 407 | AR39: 304 | AS39: 233 | AT39: 260 | AU39: 490 | AV39: 212 | AW39: 148 | AX39: 90 | AY39: 270 | AZ39: 570 | BA39: 10 | BC39: 630 | BD39: 371 | BE39: 590 | BF39: 470 | BG39: 380 | BH39: 180 | BI39: 201 | BJ39: 500 | BK39: 110 | BL39: 520 | BM39: 250 | BN39: 291 | BO39: 157 | BP39: 323 | BQ39: 287 | BR39: 460 | BS39: 480 | BT39: 620 | BU39: 593 | BV39: 147 | BW39: 430 | BX39: 150 | BY39: 533 | CA39: 780 | CB39: 243 | CD39: 720 | CE39: 450 | CF39: 437 | CG39: 623 | CH39: 207 | CI39: 290 | CJ39: 60 | CM39: 953 | CN39: 410 | CO39: 180 | CP39: 327 | CQ39: 333 | CR39: 680 | CS39: 200 | CT39: 50 | CU39: 160 | CV39: 330 | CW39: 200 | CX39: 390 | CY39: 200 | DA39: 200 | DB39: 60 | DC39: 300 | DD39: 430 | DF39: 339 | DG39: =IFERROR(VLOOKUP(G39,Hoja2!$C$1:$E$1548,3,FALSE),0) -> 7 | DH39: =IFERROR(VLOOKUP(G39,Hoja2!$O$1:$P$1906,2,FALSE),0) -> 0
B40: VSF | D40: MANN-FILTER | E40: PC | F40: Oil Filter | G40: HU 719/6 X | H40: VW Vento 2006 2,5 - Passat 2005 2.0 FSI BLR,BLY,BVX,BVY,BVZ - Audi A3 (Sport Back) 2004 2.0 FSI AXW,BLR/X/Y/MB/VY/VZ | I40: 12 | J40: 738 | K40: 330 | L40: 570 | M40: 796 | N40: 396 | O40: 222 | P40: 710 | Q40: 366 | R40: 318 | S40: 348 | T40: 330 | U40: 228 | V40: 846 | W40: 154 | X40: 350 | Y40: 1350 | Z40: 554 | AA40: 696 | AB40: 80 | AC40: 731 | AD40: 1032 | AE40: 114 | AF40: 456 | AG40: 255 | AH40: 499 | AI40: 1105 | AJ40: 247 | AK40: 1034 | AL40: 461 | AM40: 548 | AN40: 521 | AO40: 358 | AP40: 734 | AQ40: 454 | AR40: 539 | AS40: 454 | AT40: 753 | AU40: 370 | AV40: 267 | AW40: 344 | AX40: 145 | AY40: 641 | AZ40: 521 | BA40: 291 | BB40: 648 | BC40: 290 | BD40: 764 | BE40: 300 | BF40: 524 | BG40: 850 | BH40: 310 | BI40: 291 | BJ40: 591 | BK40: 239 | BM40: 520 | BP40: 250 | BQ40: 660 | BR40: 1030 | BS40: 490 | BT40: 1159 | BU40: 720 | BV40: 31 | BW40: 80 | BX40: 311 | BY40: 579 | BZ40: 539 | CA40: 902 | CB40: 368 | CC40: 31 | CD40: 940 | CE40: 200 | CF40: 530 | CG40: 220 | CH40: 603 | CI40: 1192 | CJ40: 295 | CK40: 10 | CM40: 910 | CO40: 280 | CP40: 440 | CQ40: 504 | CR40: 408 | CS40: 700 | CT40: 588 | CU40: 408 | CV40: 155 | CX40: 1005 | CY40: 442 | CZ40: 110 | DA40: 320 | DB40: 350 | DC40: 330 | DD40: 500 | DE40: 633 | DF40: 300 | DG40: =IFERROR(VLOOKUP(G40,Hoja2!$C$1:$E$1548,3,FALSE),0) -> 300 | DH40: =IFERROR(VLOOKUP(G40,Hoja2!$O$1:$P$1906,2,FALSE),0) -> 615
B41: VSF | D41: MANN-FILTER | E41: PC | F41: Oil Filter | G41: HU 726/2 X | H41: Audi A3 TD 1.9i (11/96Ã¢â€ â€™); Seat Nuevo Toledo 1.9 TDi | I41: 12 | J41: 438 | K41: 342 | L41: 714 | M41: 546 | N41: 220 | O41: 250 | P41: 980 | Q41: 314 | R41: 300 | S41: 378 | T41: 480 | U41: 366 | V41: 564 | W41: 460 | X41: 308 | Y41: 850 | Z41: 432 | AA41: 234 | AB41: 294 | AC41: 426 | AD41: 714 | AE41: 108 | AF41: 247 | AG41: 303 | AH41: 42 | AI41: 144 | AJ41: 504 | AK41: 265 | AL41: 246 | AM41: 317 | AN41: 271 | AO41: 126 | AP41: 216 | AQ41: 384 | AR41: 73 | AS41: 236 | AT41: 444 | AU41: 160 | AV41: 10 | AW41: 110 | AX41: 130 | AY41: 344 | AZ41: 150 | BA41: 60 | BB41: 240 | BC41: 270 | BD41: 58 | BF41: 502 | BG41: 160 | BH41: 168 | BI41: 130 | BJ41: 228 | BK41: 184 | BL41: 8 | BM41: 280 | BN41: 172 | BO41: 100 | BP41: 98 | BQ41: 252 | BR41: 220 | BS41: 98 | BT41: 428 | BU41: 282 | BV41: 90 | BW41: 250 | BX41: 20 | BY41: 180 | BZ41: 280 | CA41: 196 | CB41: 112 | CC41: 250 | CD41: 250 | CE41: 302 | CF41: 300 | CG41: 230 | CH41: 70 | CI41: 230 | CJ41: 110 | CM41: 600 | CN41: 270 | CO41: 90 | CP41: 740 | CQ41: 80 | CR41: 140 | CS41: 180 | CT41: 130 | CU41: 100 | CV41: 210 | CW41: 150 | CX41: 160 | CY41: 60 | CZ41: 281 | DA41: 110 | DB41: 140 | DC41: 120 | DD41: 178 | DE41: 272 | DF41: 29 | DG41: =IFERROR(VLOOKUP(G41,Hoja2!$C$1:$E$1548,3,FALSE),0) -> 0 | DH41: =IFERROR(VLOOKUP(G41,Hoja2!$O$1:$P$1906,2,FALSE),0) -> 281
B42: VSF | D42: MANN-FILTER | E42: PC | F42: Oil Filter | G42: HU 8006 z | H42: FIAT Toro 2.0 16V 06/16Ã¢â€ â€™ | I42: 12 | J42: 100 | K42: 160 | N42: 160 | O42: 447 | P42: 30 | Q42: 186 | R42: 34 | S42: 1173 | T42: 390 | U42: 275 | V42: 627 | W42: 20 | X42: -12 | Y42: 750 | Z42: 264 | AA42: 30 | AB42: 280 | AC42: 72 | AD42: 6 | AH42: 93 | AI42: 433 | AJ42: 150 | AK42: 11 | AL42: 220 | AM42: 426 | AN42: 134 | AP42: 445 | AQ42: 149 | AR42: 276 | AS42: 96 | AT42: 55 | AU42: 249 | AV42: 160 | AW42: 15 | AX42: 40 | AY42: 56 | AZ42: 140 | BA42: 110 | BB42: 169 | BC42: 60 | BD42: 340 | BE42: 320 | BF42: 389 | BG42: 400 | BH42: 100 | BI42: 60 | BJ42: 161 | BK42: 290 | BL42: 270 | BM42: 180 | BN42: 480 | BP42: 140 | BQ42: 269 | BR42: 241 | BS42: 500 | BT42: 449 | BU42: 201 | BV42: 50 | BW42: 488 | BX42: 262 | BY42: 280 | BZ42: 359 | CA42: 135 | CB42: 400 | CC42: 1062 | CD42: 710 | CE42: 224 | CF42: 186 | CG42: 180 | CH42: 357 | CI42: 130 | CJ42: 332 | CK42: 50 | CL42: 10 | CM42: 445 | CN42: 86 | CO42: 334 | CP42: 370 | CQ42: 356 | CR42: 260 | CS42: 245 | CT42: 210 | CU42: 170 | CV42: 450 | CW42: 335 | CX42: 131 | CY42: 50 | CZ42: 550 | DA42: 300 | DB42: 302 | DC42: 290 | DD42: 198 | DE42: 350 | DF42: 300 | DG42: =IFERROR(VLOOKUP(G42,Hoja2!$C$1:$E$1548,3,FALSE),0) -> 150 | DH42: =IFERROR(VLOOKUP(G42,Hoja2!$O$1:$P$1906,2,FALSE),0) -> 300
B43: VSF | D43: MANN-FILTER | E43: PC | F43: Oil Filter | G43: HU 816 X | H43: BMW Serie 5 2005 en adel 525i N 52 B 25 - X3 2006 en adel 2.5si, 3.0si - X5 2006 en adel 3.0si N52B30A | I43: 12 | J43: 224 | K43: 136 | L43: 212 | M43: 76 | N43: 310 | O43: 336 | P43: 41 | Q43: 89 | R43: 92 | S43: 150 | T43: 142 | U43: 116 | V43: 212 | W43: 146 | X43: 213 | Y43: 200 | Z43: 167 | AA43: 93 | AB43: 109 | AC43: 297 | AD43: 244 | AE43: 30 | AF43: 54 | AG43: 248 | AH43: 190 | AI43: 232 | AJ43: 178 | AK43: 221 | AL43: 197 | AM43: 164 | AN43: 146 | AO43: 78 | AP43: 295 | AQ43: 139 | AR43: 206 | AS43: 124 | AT43: 36 | AU43: 306 | AW43: 42 | AX43: 180 | AY43: 87 | AZ43: 61 | BA43: 235 | BB43: 55 | BC43: 34 | BD43: 140 | BE43: 260 | BF43: 352 | BG43: 98 | BH43: 155 | BI43: 165 | BJ43: 300 | BK43: 158 | BL43: 62 | BM43: 390 | BN43: 330 | BP43: 158 | BQ43: 555 | BR43: 401 | BS43: 180 | BT43: 205 | BU43: 285 | BV43: 350 | BW43: 55 | BX43: 135 | BY43: 260 | BZ43: 20 | CA43: 340 | CB43: 340 | CC43: 115 | CD43: 270 | CE43: 75 | CF43: 240 | CG43: 210 | CH43: 256 | CI43: 170 | CM43: 429 | CN43: 325 | CO43: 115 | CP43: 381 | CQ43: 349 | CR43: 151 | CS43: 124 | CT43: 150 | CU43: 170 | CV43: 180 | CW43: 65 | CX43: 175 | CY43: 105 | CZ43: 95 | DA43: 185 | DB43: 60 | DC43: 120 | DD43: 245 | DE43: 125 | DF43: 135 | DG43: =IFERROR(VLOOKUP(G43,Hoja2!$C$1:$E$1548,3,FALSE),0) -> 190 | DH43: =IFERROR(VLOOKUP(G43,Hoja2!$O$1:$P$1906,2,FALSE),0) -> 150
B44: VSF | D44: MANN-FILTER | E44: PC | F44: Oil Filter | G44: HU 816/2 X | H44: Fiat Palio - Siena - Idea- Punto- Motores 1.6 y 1.8 EtorQ | I44: 12 | J44: 1501 | K44: 803 | L44: 503 | M44: 978 | N44: 900 | O44: 691 | P44: 1340 | Q44: 1002 | R44: 1037 | S44: 360 | T44: 924 | U44: 468 | V44: 1539 | W44: -22 | X44: 870 | Y44: 1392 | Z44: 1421 | AA44: 687 | AB44: 1165 | AC44: 684 | AD44: 1746 | AE44: 174 | AF44: 399 | AG44: 981 | AH44: 778 | AI44: 3022 | AJ44: 253 | AK44: 419 | AL44: 330 | AM44: 425 | AN44: 955 | AO44: 1230 | AP44: 61 | AQ44: 402 | AR44: 572 | AS44: 762 | AT44: 119 | AU44: 1400 | AV44: 137 | AW44: 600 | AX44: 120 | AY44: 1022 | AZ44: 724 | BA44: 241 | BB44: 192 | BC44: 836 | BD44: 289 | BE44: 888 | BF44: 696 | BG44: 528 | BH44: 361 | BI44: 586 | BJ44: 522 | BK44: 798 | BL44: 432 | BM44: 1392 | BN44: 138 | BP44: 695 | BQ44: 193 | BR44: 600 | BS44: 2376 | BT44: 1548 | BU44: 1528 | BV44: 1363 | BW44: 770 | BX44: 120 | BY44: 519 | BZ44: 792 | CA44: 1196 | CB44: 1288 | CC44: 374 | CD44: 1144 | CE44: 1376 | CF44: 1728 | CG44: 1284 | CH44: 1414 | CI44: 408 | CJ44: 115 | CM44: 3768 | CP44: 3043 | CQ44: 149 | CR44: 3675 | CS44: 650 | CT44: 1438 | CU44: 630 | CV44: 1248 | CW44: 1038 | CX44: 970 | CY44: 600 | CZ44: 1300 | DA44: 30 | DB44: 2415 | DC44: 785 | DD44: 660 | DE44: 1595 | DF44: 1105 | DG44: =IFERROR(VLOOKUP(G44,Hoja2!$C$1:$E$1548,3,FALSE),0) -> 200 | DH44: =IFERROR(VLOOKUP(G44,Hoja2!$O$1:$P$1906,2,FALSE),0) -> 2440
B45: VSF | D45: MANN-FILTER | E45: CV | F45: Fuel Filter | G45: PU 1059 X | H45: VW Serie 17 280 Constellation 2011Ã¢â€ â€™ | I45: 12 | O45: 48 | P45: 2 | R45: 122 | S45: 102 | T45: 36 | U45: 10 | W45: 230 | X45: 238 | Y45: 212 | Z45: 154 | AA45: 186 | AB45: 70 | AC45: 110 | AD45: 150 | AE45: 120 | AF45: 542 | AG45: 360 | AH45: 390 | AI45: 270 | AJ45: 140 | AK45: 188 | AL45: 264 | AM45: 226 | AN45: 452 | AO45: 38 | AP45: 120 | AQ45: 430 | AR45: 200 | AS45: 358 | AT45: 344 | AU45: 130 | AV45: 338 | AW45: 22 | AX45: 600 | AY45: 315 | AZ45: 331 | BA45: 229 | BB45: 183 | BC45: 570 | BD45: 391 | BE45: 263 | BF45: 249 | BG45: 288 | BH45: 200 | BI45: 318 | BJ45: 436 | BK45: 465 | BL45: 20 | BM45: 527 | BN45: 273 | BP45: 319 | BQ45: 554 | BR45: 892 | BS45: 185 | BT45: 553 | BU45: 570 | BV45: 609 | BW45: 301 | BX45: 128 | BY45: 310 | BZ45: 427 | CA45: 622 | CB45: 348 | CC45: 132 | CD45: 659 | CE45: 116 | CF45: 55 | CG45: 644 | CH45: 726 | CJ45: 870 | CL45: 480 | CM45: 723 | CN45: 574 | CO45: 163 | CP45: 1402 | CQ45: 508 | CR45: 348 | CS45: 600 | CT45: 251 | CU45: 408 | CV45: 143 | CW45: 517 | CX45: 450 | CY45: 198 | CZ45: 631 | DA45: 120 | DB45: 201 | DC45: 291 | DD45: 283 | DE45: 179 | DF45: 246 | DG45: =IFERROR(VLOOKUP(G45,Hoja2!$C$1:$E$1548,3,FALSE),0) -> 368 | DH45: =IFERROR(VLOOKUP(G45,Hoja2!$O$1:$P$1906,2,FALSE),0) -> 303
B46: VSF | D46: MANN-FILTER | E46: PC | F46: Fuel Filter | G46: PU 723 X | H46: Citroen Jumper 2.8 HDI, Fiat Ducato 2.8L JTD, Peugeot Boxer 2.8L JTD | I46: 12 | J46: 370 | K46: 280 | L46: 460 | M46: 51 | N46: 300 | O46: 180 | P46: 260 | Q46: 349 | R46: -10 | S46: 216 | T46: 270 | U46: 60 | V46: 190 | W46: 100 | X46: 210 | Y46: 220 | Z46: 240 | AA46: 335 | AB46: 10 | AC46: 260 | AD46: 211 | AF46: 100 | AG46: 180 | AH46: 120 | AI46: 105 | AJ46: 190 | AK46: 210 | AL46: 77 | AM46: 60 | AN46: 90 | AO46: 80 | AP46: 115 | AQ46: 84 | AR46: 140 | AS46: 70 | AT46: 110 | AU46: 120 | AW46: 70 | AX46: 70 | AY46: 90 | AZ46: 40 | BA46: 110 | BB46: 30 | BC46: 120 | BD46: 40 | BE46: 58 | BF46: 395 | BH46: 100 | BI46: 180 | BJ46: 190 | BK46: 100 | BL46: 60 | BM46: 70 | BN46: 7 | BP46: 60 | BQ46: 313 | BR46: 140 | BS46: 60 | BT46: 130 | BU46: 90 | BV46: 110 | BW46: 50 | BX46: 130 | BY46: 100 | CA46: 54 | CB46: 144 | CD46: 162 | CE46: 84 | CF46: 90 | CG46: 36 | CH46: 130 | CI46: 90 | CJ46: 30 | CM46: 230 | CN46: 164 | CO46: 20 | CP46: 256 | CQ46: 50 | CR46: 80 | CS46: 124 | CT46: 80 | CU46: 20 | CV46: 70 | CW46: 90 | CX46: 80 | CY46: 40 | DA46: 230 | DB46: 200 | DC46: 26 | DD46: 150 | DF46: 354 | DG46: =IFERROR(VLOOKUP(G46,Hoja2!$C$1:$E$1548,3,FALSE),0) -> 60 | DH46: =IFERROR(VLOOKUP(G46,Hoja2!$O$1:$P$1906,2,FALSE),0) -> 0
B47: VSF | D47: MANN-FILTER | E47: CV | F47: Fuel Filter | G47: PU 941 X | H47: Scania P310 (Camiones) Serie 4 T 164 (480-580), N* Original Scania 1446432 | I47: 12 | J47: 714 | K47: 2381 | L47: 247 | M47: 403 | N47: 1180 | O47: 700 | P47: 196 | Q47: 59 | R47: 1085 | S47: 100 | T47: 384 | U47: 350 | V47: 632 | W47: 302 | X47: 742 | Y47: 628 | Z47: 229 | AA47: 429 | AB47: 670 | AC47: 1330 | AD47: 1379 | AE47: 604 | AF47: 978 | AG47: 791 | AH47: 1143 | AI47: 590 | AJ47: 664 | AK47: 511 | AL47: 1769 | AM47: 1039 | AN47: 1333 | AO47: 264 | AP47: 1780 | AQ47: 393 | AR47: 790 | AS47: 1264 | AT47: 1144 | AU47: 1148 | AV47: 698 | AW47: 178 | AX47: 380 | AY47: 532 | AZ47: 1190 | BA47: 420 | BB47: 1562 | BC47: 960 | BD47: 2106 | BE47: 774 | BF47: 831 | BG47: 735 | BH47: 80 | BI47: 1145 | BJ47: 2250 | BK47: 790 | BL47: 730 | BM47: 1010 | BN47: 1255 | BP47: 450 | BQ47: 1835 | BR47: 900 | BS47: 875 | BT47: 955 | BU47: 1921 | BV47: 890 | BW47: 883 | BX47: 940 | BY47: 694 | BZ47: 1866 | CA47: 1700 | CB47: 1320 | CC47: 400 | CD47: 1080 | CE47: 1040 | CF47: 1980 | CG47: 2440 | CH47: 2440 | CI47: 620 | CJ47: 214 | CL47: 1400 | CM47: 1846 | CN47: 1940 | CO47: 400 | CP47: 704 | CQ47: 1490 | CR47: 1169 | CS47: 2957 | CT47: 2000 | CU47: 1940 | CV47: 560 | CW47: 1228 | CX47: 818 | CY47: 720 | CZ47: 1180 | DA47: 1120 | DB47: 1740 | DC47: 1240 | DD47: 779 | DE47: 1950 | DF47: 511 | DG47: =IFERROR(VLOOKUP(G47,Hoja2!$C$1:$E$1548,3,FALSE),0) -> 800 | DH47: =IFERROR(VLOOKUP(G47,Hoja2!$O$1:$P$1906,2,FALSE),0) -> 800
B48: VSF | D48: MANN-FILTER | E48: CV | F48: Air Dryer | G48: TB 1374/13 X | H48: Filtro desecador de aire de frenos. Aplic:M.Benz/ Iveco/ Volvo/ VW/ Renault. OEM M.Benz 004291097 - Renault 5001843522 (Reemplaza a TB 1374 x) | I48: 12 | CR48: 384 | CS48: 1208 | CT48: 1521 | CU48: 602 | CV48: 1121 | CW48: 486 | CX48: 1793 | CY48: 1114 | CZ48: 1349 | DA48: 436 | DB48: 1420 | DC48: 675 | DD48: 1937 | DE48: 429 | DF48: 1334 | DG48: =IFERROR(VLOOKUP(G48,Hoja2!$C$1:$E$1548,3,FALSE),0) -> 250 | DH48: =IFERROR(VLOOKUP(G48,Hoja2!$O$1:$P$1906,2,FALSE),0) -> 3044
B49: VSF | D49: MANN-FILTER | E49: CV | F49: Air Dryer | G49: TB 1374/3 X | H49: Filtro desecador de aire de frenos. Aplic. Scania; OEM Scania 138 4549 - 145 5253 | I49: 12 | J49: 74 | K49: 145 | L49: 75 | M49: 51 | N49: 152 | O49: 163 | P49: 126 | Q49: 81 | R49: 142 | S49: 194 | T49: 58 | U49: 3 | V49: 69 | W49: 221 | X49: 64 | Y49: 100 | Z49: 62 | AA49: 158 | AB49: 137 | AC49: 102 | AD49: 111 | AE49: 61 | AF49: 71 | AG49: 180 | AH49: 127 | AI49: 102 | AJ49: 107 | AK49: 112 | AL49: 114 | AM49: 125 | AN49: 117 | AO49: 66 | AP49: 123 | AQ49: 81 | AR49: 93 | AS49: 188 | AT49: 85 | AU49: 11 | AV49: 22 | AW49: 18 | AX49: 128 | AY49: 111 | AZ49: 72 | BA49: 117 | BB49: 100 | BC49: 18 | BE49: 156 | BF49: 295 | BG49: 129 | BH49: 33 | BI49: 138 | BJ49: 110 | BK49: 63 | BL49: 21 | BM49: 96 | BN49: 333 | BP49: 60 | BQ49: 390 | BR49: 187 | BS49: 36 | BT49: 147 | BU49: 68 | BV49: 193 | BW49: 165 | BX49: 87 | BY49: 78 | BZ49: 132 | CA49: 240 | CB49: 86 | CC49: 102 | CD49: 259 | CE49: 456 | CF49: 397 | CG49: 216 | CI49: 291 | CM49: 878 | CN49: 299 | CO49: 425 | CP49: 39 | CQ49: 180 | CR49: 188 | CS49: 111 | CT49: 34 | CU49: 251 | CV49: 117 | CW49: 90 | CX49: 108 | CY49: 174 | CZ49: 213 | DA49: 66 | DB49: 30 | DC49: 153 | DD49: 165 | DE49: 168 | DF49: 88 | DG49: =IFERROR(VLOOKUP(G49,Hoja2!$C$1:$E$1548,3,FALSE),0) -> 216 | DH49: =IFERROR(VLOOKUP(G49,Hoja2!$O$1:$P$1906,2,FALSE),0) -> 94
B50: VSF | D50: MANN-FILTER | E50: CV | F50: Air Dryer | G50: TB 1394/16 X | H50: Camiones Renault y Volvo (Reemplaza a TB 1394/1 x) | I50: 12 | CC50: 12 | CD50: 33 | CE50: 69 | CG50: 42 | CI50: 306 | CJ50: 18 | CN50: 15 | CO50: 9 | CP50: 66 | CQ50: 45 | CR50: 54 | CS50: 75 | CT50: 36 | CU50: 636 | CV50: 461 | CW50: 196 | CX50: 305 | CY50: 293 | CZ50: 1131 | DA50: 170 | DB50: 2086 | DC50: 1110 | DD50: 1760 | DE50: 567 | DF50: 1056 | DG50: =IFERROR(VLOOKUP(G50,Hoja2!$C$1:$E$1548,3,FALSE),0) -> 643 | DH50: =IFERROR(VLOOKUP(G50,Hoja2!$O$1:$P$1906,2,FALSE),0) -> 1412
B51: VSF | D51: MANN-FILTER | E51: CV | F51: Air Dryer | G51: TB 1394/3 X | H51: Scania Series P, G, R y T 2006 en adel | I51: 12 | J51: 106 | K51: 12 | L51: 9 | M51: 29 | N51: 8 | O51: 54 | P51: 19 | Q51: 13 | R51: 42 | S51: 10 | T51: 23 | V51: 23 | W51: 90 | X51: 39 | Y51: -20 | Z51: 18 | AA51: 12 | AB51: 83 | AC51: 64 | AD51: 14 | AF51: 3 | AG51: 100 | AH51: 103 | AI51: 50 | AJ51: 24 | AK51: 55 | AL51: 9 | AM51: 90 | AN51: 22 | AO51: 39 | AP51: 78 | AQ51: 81 | AR51: 114 | AS51: 49 | AT51: 120 | AU51: 66 | AV51: 27 | AW51: 9 | AY51: 12 | AZ51: 57 | BA51: 54 | BB51: 39 | BC51: 6 | BD51: 39 | BE51: 75 | BF51: 12 | BG51: 6 | BH51: 1 | BI51: 84 | BJ51: 228 | BK51: 48 | BL51: 18 | BM51: 81 | BP51: 26 | BQ51: 97 | BR51: 59 | BS51: 21 | BT51: 48 | BU51: 82 | BV51: 3 | BW51: 99 | BY51: 185 | BZ51: 78 | CA51: 93 | CB51: 30 | CC51: 102 | CD51: 111 | CE51: 138 | CF51: 183 | CG51: 333 | CH51: 231 | CI51: 108 | CJ51: 174 | CK51: 24 | CL51: 9 | CM51: 255 | CN51: 180 | CP51: 267 | CQ51: 48 | CR51: 129 | CS51: 180 | CT51: 90 | CU51: 27 | CV51: 18 | CW51: 270 | CX51: 96 | CY51: 195 | CZ51: 162 | DA51: 78 | DB51: 225 | DC51: 231 | DD51: 48 | DF51: 363 | DG51: =IFERROR(VLOOKUP(G51,Hoja2!$C$1:$E$1548,3,FALSE),0) -> 312 | DH51: =IFERROR(VLOOKUP(G51,Hoja2!$O$1:$P$1906,2,FALSE),0) -> 483
B52: VSF | D52: MANN-FILTER | E52: CV | F52: Oil Filter | G52: W 11 025 | H52: AplicaciÃƒÂ³n New Holland-Renault camiones-Sullair compresores-Volvo camiones (Reemplaza a W 11 102/34) | I52: 12 | BF52: 39 | BG52: 8 | BH52: 144 | BJ52: 40 | BK52: 24 | BL52: 1 | BM52: 184 | BN52: 56 | BO52: 24 | BP52: 56 | BQ52: 48 | BR52: 68 | BS52: 204 | BT52: 26 | BU52: 112 | BV52: 111 | BW52: 31 | BX52: 56 | BY52: 80 | BZ52: 136 | CA52: 240 | CB52: 152 | CC52: 50 | CD52: 22 | CE52: 136 | CF52: 218 | CG52: 112 | CH52: 294 | CI52: 240 | CJ52: 338 | CM52: 710 | CN52: 322 | CO52: 360 | CP52: 368 | CQ52: 56 | CR52: 284 | CS52: 292 | CT52: 40 | CU52: 160 | CV52: 35 | CW52: 138 | CX52: 220 | CY52: 164 | CZ52: 250 | DA52: 98 | DB52: 208 | DC52: 112 | DD52: 202 | DE52: 68 | DF52: 220 | DG52: =IFERROR(VLOOKUP(G52,Hoja2!$C$1:$E$1548,3,FALSE),0) -> 208 | DH52: =IFERROR(VLOOKUP(G52,Hoja2!$O$1:$P$1906,2,FALSE),0) -> 136
B53: VSF | D53: MANN-FILTER | E53: CV | F53: Oil Filter | G53: W 11 102/36 | H53: Volvo, Caterpillar, Claas, Mack, Renault (Reemplaza a W 11 102/4) | I53: 12 | J53: 1014 | K53: 342 | L53: 378 | M53: 905 | N53: 240 | O53: 296 | P53: 864 | Q53: 88 | R53: 1086 | S53: 401 | T53: 396 | U53: 588 | V53: 624 | W53: 89 | X53: 616 | Y53: 824 | Z53: 464 | AA53: 678 | AB53: 418 | AC53: 304 | AD53: 1110 | AE53: 30 | AF53: 918 | AG53: 300 | AH53: 594 | AI53: 380 | AR53: 107 | AS53: 218 | AT53: 245 | AU53: 534 | AV53: 178 | AW53: 82 | AX53: 264 | AY53: 568 | AZ53: 680 | BA53: 2 | BB53: 595 | BC53: 463 | BD53: 248 | BE53: 336 | BF53: 280 | BG53: 832 | BH53: 512 | BJ53: 400 | BK53: 688 | BL53: 176 | BM53: 1296 | BN53: 16 | BP53: 248 | BQ53: 144 | BR53: 784 | BT53: 1560 | BU53: 56 | BV53: 432 | BW53: 104 | BX53: 336 | BY53: 456 | BZ53: 288 | CA53: 944 | CB53: 280 | CC53: 208 | CD53: 312 | CE53: 346 | CF53: 436 | CH53: 1056 | CI53: 178 | CJ53: 136 | CK53: 102 | CM53: 64 | CW53: 720 | CX53: 410 | CY53: 248 | CZ53: 62 | DB53: 664 | DC53: 184 | DD53: 400 | DE53: 416 | DF53: 112 | DG53: =IFERROR(VLOOKUP(G53,Hoja2!$C$1:$E$1548,3,FALSE),0) -> 248 | DH53: =IFERROR(VLOOKUP(G53,Hoja2!$O$1:$P$1906,2,FALSE),0) -> 845
B54: VSF | D54: MANN-FILTER | E54: CV | F54: Oil Filter | G54: W 11 102/37 | H54: Scania Serie 4 (P94 - 114 - 124) 6 cil. 260, 320, 360, 362 CV (98Ã¢â€ â€™) Reemplaza a W 11 102/18 | I54: 12 | J54: 480 | K54: 864 | L54: 444 | M54: 615 | N54: 131 | O54: 400 | P54: 516 | Q54: 402 | R54: 168 | S54: 644 | T54: 522 | U54: 240 | V54: 587 | W54: 170 | X54: 490 | Y54: 650 | Z54: 240 | AA54: 560 | AB54: 240 | AC54: 720 | AD54: 1084 | AE54: 138 | AF54: 331 | AG54: 521 | AH54: 884 | AI54: 426 | AJ54: 168 | AR54: 428 | AS54: 472 | AT54: 726 | AU54: 419 | AV54: 221 | AW54: 130 | AX54: 360 | AY54: 967 | AZ54: 528 | BA54: 74 | BB54: 347 | BC54: 751 | BD54: 600 | BE54: 416 | BF54: 562 | BG54: 792 | BH54: 184 | BI54: 200 | BJ54: 434 | BK54: 161 | BL54: 160 | BM54: 440 | BN54: 40 | BP54: 262 | BQ54: 1238 | BR54: 25 | BS54: 1016 | BT54: 49 | BY54: 132 | BZ54: 384 | CA54: 324 | CB54: 456 | CC54: 765 | CD54: 456 | CE54: 397 | CF54: 866 | CH54: 250 | CI54: 925 | CJ54: 898 | CM54: 1009 | CN54: 701 | CO54: 965 | CP54: 1181 | CQ54: 784 | CR54: 480 | CS54: 408 | CT54: 304 | CU54: 328 | CV54: 485 | CW54: 390 | CX54: 1141 | CY54: 229 | CZ54: 720 | DA54: 11 | DB54: 1312 | DC54: 300 | DD54: 1064 | DE54: 632 | DF54: 168 | DG54: =IFERROR(VLOOKUP(G54,Hoja2!$C$1:$E$1548,3,FALSE),0) -> 440 | DH54: =IFERROR(VLOOKUP(G54,Hoja2!$O$1:$P$1906,2,FALSE),0) -> 680
B55: VSF | D55: MANN-FILTER | E55: CV | F55: Oil Filter | G55: W 1160 | H55: VOLKSWAGEN CAMIONES Serie 17 17.230 4.6 - 17.280 6.9 | I55: 12 | V55: 72 | W55: 18 | X55: 18 | Y55: 18 | Z55: 66 | AA55: 90 | AB55: 14 | AD55: 80 | AE55: 128 | AF55: 30 | AG55: 128 | AH55: 174 | AI55: 218 | AK55: 20 | AL55: 46 | AM55: 191 | AN55: 196 | AO55: 107 | AP55: 52 | AQ55: 59 | AR55: 151 | AS55: 99 | AT55: 155 | AU55: 97 | AV55: 82 | AX55: 154 | AY55: 70 | AZ55: 32 | BA55: 25 | BB55: 60 | BC55: 63 | BD55: 81 | BE55: 96 | BF55: 50 | BG55: 63 | BI55: 114 | BJ55: 114 | BK55: 92 | BL55: 160 | BM55: 8 | BN55: 407 | BR55: 123 | BS55: 374 | BT55: 337 | BU55: 14 | BV55: 66 | BW55: 42 | BX55: 56 | BY55: 117 | BZ55: 78 | CA55: 197 | CB55: 153 | CC55: 88 | CD55: 218 | CE55: 100 | CF55: 38 | CG55: 149 | CH55: 104 | CI55: 294 | CJ55: 218 | CK55: 88 | CL55: 115 | CM55: 188 | CN55: 212 | CO55: 375 | CP55: 182 | CQ55: 136 | CR55: 176 | CS55: 83 | CT55: 71 | CU55: 110 | CV55: 70 | CW55: 78 | CX55: 115 | CY55: 116 | CZ55: 177 | DA55: 46 | DB55: 63 | DC55: 23 | DD55: 52 | DE55: 32 | DF55: 106 | DG55: =IFERROR(VLOOKUP(G55,Hoja2!$C$1:$E$1548,3,FALSE),0) -> 40 | DH55: =IFERROR(VLOOKUP(G55,Hoja2!$O$1:$P$1906,2,FALSE),0) -> 44
B56: VSF | D56: MANN-FILTER | E56: PC | F56: Oil Filter | G56: W 610/1 | H56: Suzuki Jimmy 1,3i 16v, Toyota MR2 1,6 16v-2,0 16v, Nissan Pathfinder R50 c/Motor VG 3,3 E | I56: 12 | J56: 170 | K56: 82 | L56: 140 | M56: 90 | N56: 90 | O56: 210 | Q56: 150 | R56: 155 | S56: 130 | T56: 170 | U56: 35 | V56: 175 | W56: 25 | X56: 235 | Y56: 215 | Z56: 105 | AA56: 20 | AB56: 72 | AC56: 105 | AD56: 120 | AF56: 240 | AG56: 80 | AH56: 170 | AI56: 85 | AJ56: 80 | AK56: 90 | AL56: 50 | AM56: 75 | AN56: 120 | AO56: 80 | AP56: 140 | AQ56: 20 | AR56: 8 | AS56: 230 | AT56: 82 | AU56: 159 | AV56: 10 | AW56: 90 | AX56: 51 | AZ56: 30 | BA56: 136 | BB56: 90 | BC56: 31 | BD56: 76 | BE56: 67 | BF56: 50 | BG56: 240 | BI56: 5 | BJ56: 209 | BK56: 100 | BL56: 114 | BM56: 30 | BN56: 70 | BP56: 100 | BR56: 296 | BT56: 69 | BU56: 10 | BV56: 1 | BW56: 479 | BX56: 170 | BY56: 150 | BZ56: 30 | CA56: 90 | CB56: 150 | CC56: 60 | CD56: 142 | CE56: 9 | CF56: 43 | CG56: 179 | CH56: 150 | CI56: 210 | CJ56: 70 | CM56: 347 | CN56: 50 | CO56: 120 | CP56: 120 | CQ56: 30 | CR56: 220 | CS56: 80 | CT56: 120 | CU56: 100 | CV56: 110 | CW56: 110 | CX56: 120 | CY56: 90 | CZ56: 73 | DA56: 90 | DB56: 217 | DC56: 93 | DE56: 187 | DF56: 213 | DG56: =IFERROR(VLOOKUP(G56,Hoja2!$C$1:$E$1548,3,FALSE),0) -> 200 | DH56: =IFERROR(VLOOKUP(G56,Hoja2!$O$1:$P$1906,2,FALSE),0) -> 97
B57: VSF | D57: MANN-FILTER | E57: PC | F57: Oil Filter | G57: W 610/3 | H57: CHEVROLET Corsa, CITROEN C4 Aircross, FIAT 1.4 8v Fire, HONDA Accord, Civic, Fit, PEUGEOT 4008 (REEMPLAZA AL W 610/82) - (Alternativa del W 610) | I57: 12 | J57: 4858 | K57: 4448 | L57: 8085 | M57: 2740 | N57: 4520 | O57: 7780 | P57: 6400 | Q57: 7910 | R57: 11690 | S57: 6660 | T57: 7588 | U57: 3920 | V57: 5546 | W57: 2478 | X57: 7228 | Y57: 5734 | Z57: 6566 | AA57: 7163 | AB57: 4651 | AC57: 3267 | AD57: 13725 | AE57: 936 | AF57: 14957 | AG57: 4980 | AH57: 9598 | AI57: 705 | AJ57: 9957 | AK57: 1524 | AL57: 3942 | AM57: 9618 | AN57: 4606 | AO57: 5340 | AP57: 4632 | AQ57: 10110 | AR57: 2423 | AS57: 2965 | AT57: 6190 | AU57: 4402 | AV57: 1550 | AW57: 200 | AX57: 2038 | AY57: 4603 | AZ57: 6477 | BA57: 7123 | BB57: 5350 | BC57: 4797 | BD57: 1454 | BE57: 2300 | BF57: 4300 | BG57: 15850 | BH57: 2699 | BI57: 2451 | BJ57: 3864 | BK57: 3238 | BL57: 812 | BM57: 901 | BN57: 6993 | BO57: 1761 | BP57: 1200 | BQ57: 2239 | BR57: 7220 | BS57: 692 | BT57: 3968 | BU57: 42 | BV57: 500 | BW57: 16138 | BX57: 5900 | BY57: 9150 | BZ57: 4090 | CA57: 4312 | CB57: 5083 | CC57: 144 | CD57: 7241 | CE57: 7400 | CF57: 4389 | CH57: 130 | CI57: 8700 | CJ57: 13983 | CK57: 174 | CM57: 5936 | CN57: 4400 | CO57: 5280 | CP57: 1890 | CQ57: 7528 | CR57: 4040 | CS57: 6194 | CT57: 5675 | CU57: 5450 | CV57: 4550 | CW57: 3303 | CX57: 3351 | CY57: 4300 | CZ57: 3101 | DA57: 6614 | DB57: 1760 | DC57: 4129 | DD57: 2200 | DE57: 710 | DF57: 6641 | DG57: =IFERROR(VLOOKUP(G57,Hoja2!$C$1:$E$1548,3,FALSE),0) -> 3918 | DH57: =IFERROR(VLOOKUP(G57,Hoja2!$O$1:$P$1906,2,FALSE),0) -> 4765
B58: VSF | D58: MANN-FILTER | E58: PC | F58: Oil Filter | G58: W 66 | H58: Renault Clio II 1.2 - Twingo 1.2 | I58: 12 | J58: 1184 | K58: 1578 | L58: 1722 | M58: 265 | N58: 1253 | O58: 2444 | P58: 1729 | Q58: 1377 | R58: 1350 | S58: 1004 | T58: 1272 | U58: 1356 | V58: 848 | W58: 560 | X58: 1083 | Y58: 2954 | Z58: 1086 | AA58: 1626 | AB58: 1374 | AC58: 1026 | AD58: 2746 | AE58: 216 | AG58: 1250 | AH58: 3587 | AI58: 1224 | AJ58: 738 | AK58: 498 | AL58: 1802 | AM58: 738 | AN58: 1614 | AO58: 1000 | AP58: 1876 | AQ58: 614 | AR58: 1220 | AS58: 810 | AT58: 1182 | AU58: 960 | AW58: 220 | AX58: 1220 | AY58: 690 | AZ58: 950 | BA58: 1250 | BB58: 1222 | BC58: 28 | BD58: 1372 | BE58: 1748 | BF58: 1502 | BG58: 442 | BH58: 1128 | BI58: 1122 | BJ58: 1008 | BK58: 900 | BL58: 950 | BM58: 692 | BN58: 858 | BO58: 72 | BP58: 550 | BQ58: 278 | BR58: 1600 | BS58: 1222 | BT58: 1566 | BU58: 1834 | BV58: 1066 | BW58: 2290 | BX58: 450 | BY58: 2122 | BZ58: 750 | CA58: 1800 | CB58: 1400 | CC58: 220 | CD58: 750 | CE58: 153 | CG58: 9 | CH58: 1590 | CJ58: 1 | CO58: 2677 | CP58: 10193 | CQ58: 2000 | CR58: 4594 | CS58: 1747 | CT58: 3600 | CU58: 300 | CV58: 650 | CW58: 1401 | CX58: 202 | CY58: 100 | CZ58: 351 | DA58: 250 | DB58: 3151 | DC58: 150 | DD58: 1300 | DE58: 450 | DF58: 800 | DG58: =IFERROR(VLOOKUP(G58,Hoja2!$C$1:$E$1548,3,FALSE),0) -> 2155 | DH58: =IFERROR(VLOOKUP(G58,Hoja2!$O$1:$P$1906,2,FALSE),0) -> 750
B59: VSF | D59: MANN-FILTER | E59: PC | F59: Oil Filter | G59: W 67/1 | H59: HYUNDAI Atos 1.0 / KIA Carens-Picanto-Sportage / MAZDA B-Serie (Pickup) 2.2 / NISSAN March-Murano-Pathfinder-Sentra-Tiida-Versa-X-Trail / RENAULT Fluence-Koleos-Latitude-MÃƒÂ©gane III / SUBARU Impreza -Forester -Legacy -Outback - | I59: 12 | J59: 1190 | K59: 1021 | L59: 1018 | M59: 241 | N59: 1374 | O59: 1143 | P59: 869 | Q59: 1281 | R59: 994 | S59: 993 | T59: 988 | U59: 769 | V59: -29 | W59: 1420 | X59: 1583 | Y59: 967 | Z59: 939 | AA59: 876 | AB59: 621 | AC59: 712 | AD59: 1879 | AE59: 152 | AF59: 2334 | AG59: 678 | AH59: 1154 | AI59: 1130 | AJ59: 572 | AK59: 1160 | AL59: 1259 | AM59: 886 | AN59: 1373 | AO59: 2608 | AP59: 482 | AQ59: 138 | AR59: 2216 | AS59: 497 | AT59: 1284 | AU59: 1076 | AV59: 252 | AW59: 303 | AX59: 640 | AY59: 932 | AZ59: 200 | BA59: 1110 | BB59: 1359 | BD59: 1891 | BE59: 1064 | BF59: 1250 | BG59: 1400 | BH59: 353 | BI59: 1210 | BJ59: 1000 | BK59: 1300 | BL59: 38 | BM59: 990 | BN59: 1020 | BP59: 800 | BQ59: 2490 | BR59: 674 | BS59: 506 | BT59: 3606 | BU59: 1573 | BW59: 6256 | BX59: 934 | BY59: 1716 | BZ59: 2150 | CA59: 1250 | CB59: 2500 | CC59: 750 | CD59: 3250 | CE59: 1800 | CF59: 623 | CH59: 4640 | CI59: 1280 | CL59: 2460 | CM59: 2197 | CN59: 2700 | CO59: 3353 | CP59: 5297 | CQ59: 3158 | CR59: 550 | CS59: 5393 | CT59: 3200 | CU59: 2350 | CV59: 2800 | CW59: 500 | CX59: 1550 | CY59: 6600 | CZ59: 501 | DA59: 400 | DB59: 4200 | DC59: 800 | DD59: 2250 | DE59: 1250 | DF59: 1500 | DG59: =IFERROR(VLOOKUP(G59,Hoja2!$C$1:$E$1548,3,FALSE),0) -> 2000 | DH59: =IFERROR(VLOOKUP(G59,Hoja2!$O$1:$P$1906,2,FALSE),0) -> 1000
B60: VSF | D60: MANN-FILTER | E60: PC | F60: Oil Filter | G60: W 67/2 | H60: ZANELLA: 500 NP | I60: 12 | J60: 134 | K60: 129 | L60: 161 | M60: 15 | N60: 472 | O60: 104 | P60: 84 | Q60: 164 | R60: 94 | S60: 220 | T60: 236 | U60: 39 | V60: 68 | W60: 78 | X60: 409 | Y60: 296 | Z60: 232 | AA60: 150 | AB60: 40 | AC60: 104 | AD60: 194 | AE60: 110 | AF60: 108 | AG60: 106 | AH60: 114 | AI60: 124 | AJ60: 140 | AK60: 112 | AL60: 128 | AM60: 142 | AN60: 154 | AO60: 36 | AP60: 226 | AQ60: 88 | AR60: 80 | AS60: 20 | AT60: 88 | AU60: 124 | AV60: 44 | AW60: 22 | AX60: 58 | AY60: 50 | AZ60: 70 | BA60: 181 | BB60: 78 | BC60: 80 | BD60: 22 | BE60: 180 | BF60: 90 | BH60: 243 | BI60: 181 | BJ60: 83 | BK60: 130 | BL60: 160 | BM60: 120 | BN60: 73 | BO60: 16 | BQ60: 246 | BR60: 154 | BT60: 200 | BU60: 134 | BV60: 446 | BW60: 254 | BX60: 30 | BY60: 100 | CA60: 280 | CB60: 176 | CC60: 84 | CD60: 120 | CE60: 40 | CF60: 40 | CG60: 40 | CH60: 140 | CI60: 110 | CJ60: 80 | CK60: 114 | CM60: 256 | CN60: 234 | CO60: 136 | CP60: 140 | CQ60: 150 | CR60: 10 | CS60: 20 | CT60: 80 | CU60: 70 | CV60: 70 | CW60: 50 | CX60: 70 | CY60: 80 | CZ60: 90 | DA60: 140 | DB60: 60 | DC60: 50 | DD60: 30 | DE60: 90 | DF60: 120 | DG60: =IFERROR(VLOOKUP(G60,Hoja2!$C$1:$E$1548,3,FALSE),0) -> 50 | DH60: =IFERROR(VLOOKUP(G60,Hoja2!$O$1:$P$1906,2,FALSE),0) -> 200
B61: VSF | D61: MANN-FILTER | E61: PC | F61: Oil Filter | G61: W 68 | H61: Renault Twingo 1.1 MPi (98Ã¢â€ â€™) | I61: 12 | J61: 118 | K61: 98 | L61: 86 | M61: 75 | N61: 112 | O61: 44 | P61: 122 | Q61: 28 | R61: 42 | S61: 166 | T61: 80 | W61: 224 | X61: 95 | Y61: 249 | Z61: 36 | AA61: 48 | AB61: 132 | AC61: 88 | AD61: 28 | AF61: 42 | AG61: 112 | AH61: 202 | AI61: 56 | AJ61: 82 | AK61: 78 | AL61: 112 | AM61: 56 | AN61: 54 | AO61: 80 | AP61: 142 | AQ61: 98 | AR61: 88 | AS61: 31 | AT61: 250 | AU61: 105 | AV61: 1 | AW61: 20 | AX61: 126 | AY61: 139 | AZ61: 60 | BA61: 150 | BB61: 15 | BC61: 89 | BD61: 1 | BE61: 70 | BF61: 415 | BG61: 105 | BH61: 91 | BI61: 89 | BJ61: 171 | BK61: 80 | BL61: 50 | BM61: 60 | BN61: 79 | BP61: 151 | BQ61: 60 | BR61: 70 | BS61: 70 | BT61: 120 | BU61: 69 | BV61: 10 | BW61: 60 | BX61: 241 | BY61: 140 | BZ61: 150 | CA61: 80 | CB61: 159 | CC61: 10 | CD61: 281 | CE61: 120 | CF61: 30 | CG61: 250 | CH61: 150 | CI61: 50 | CM61: 430 | CN61: 70 | CP61: 190 | CQ61: 440 | CR61: 190 | CS61: 20 | CT61: 30 | CU61: 70 | CV61: 190 | CW61: 40 | CY61: 70 | CZ61: 110 | DA61: 110 | DB61: 120 | DC61: 90 | DE61: 158 | DG61: =IFERROR(VLOOKUP(G61,Hoja2!$C$1:$E$1548,3,FALSE),0) -> 140 | DH61: =IFERROR(VLOOKUP(G61,Hoja2!$O$1:$P$1906,2,FALSE),0) -> 152
B62: VSF | D62: MANN-FILTER | E62: PC | F62: Oil Filter | G62: W 68/3 | H62: Daewo Tico, Daihatsu Charade 1.0 Gti, Suzuki Grand Vitara 2.0, Toyota Avensis, Camry, Celica, Corolla. Modelos del 80 al 06, RAV 4. REEMPLAZA A W 68/80 | I62: 12 | J62: 402 | K62: 402 | L62: 718 | M62: 483 | N62: 205 | O62: 250 | P62: 908 | Q62: 148 | R62: 392 | S62: 378 | T62: 648 | U62: 266 | V62: 572 | W62: 426 | X62: 294 | Y62: 842 | AA62: 1030 | AC62: 654 | AD62: 1116 | AE62: 228 | AF62: 418 | AG62: 99 | AH62: 1559 | AI62: 150 | AJ62: 558 | AK62: 41 | CM62: 1055 | CN62: 705 | CO62: 481 | CP62: 389 | CQ62: 1681 | CR62: 3169 | CS62: 790 | CT62: 680 | CU62: 930 | CV62: 930 | CW62: 250 | CX62: 1350 | CY62: 2455 | CZ62: 350 | DA62: 14 | DB62: 1776 | DC62: 370 | DD62: 1050 | DE62: 1390 | DF62: 700 | DG62: =IFERROR(VLOOKUP(G62,Hoja2!$C$1:$E$1548,3,FALSE),0) -> 94 | DH62: =IFERROR(VLOOKUP(G62,Hoja2!$O$1:$P$1906,2,FALSE),0) -> 2476
B63: VSF | D63: MANN-FILTER | E63: PC | F63: Oil Filter | G63: W 7003 | H63: FIAT Argo 1.3 99cv 2017 Ã¢â€ â€™ / Cronos 1.3 99c 2018 Ã¢â€ â€™ | I63: 12 | AA63: 100 | AF63: 18 | AH63: 52 | AJ63: 58 | AK63: 280 | AM63: 60 | AN63: 280 | AP63: 1022 | AQ63: 78 | AR63: 534 | AS63: 508 | AT63: 341 | AU63: 422 | AV63: 10 | AW63: 152 | AX63: 540 | AY63: 20 | AZ63: 210 | BA63: 410 | BB63: 230 | BC63: 290 | BD63: 160 | BE63: 370 | BF63: 240 | BG63: 540 | BH63: 350 | BI63: 570 | BJ63: 600 | BK63: 472 | BL63: 190 | BN63: 721 | BP63: 420 | BQ63: 1030 | BS63: 1110 | BT63: 1490 | BU63: 374 | BV63: 1411 | BW63: 441 | BX63: 430 | BY63: 1165 | BZ63: 1620 | CA63: 1480 | CB63: 789 | CC63: 661 | CD63: 1340 | CE63: 870 | CF63: 1599 | CH63: 2853 | CI63: 67 | CJ63: 2770 | CM63: 2854 | CO63: 4339 | CP63: 3250 | CQ63: 1202 | CR63: 1750 | CS63: 600 | CT63: 440 | CU63: 210 | CV63: 2670 | CW63: 1339 | CX63: 1271 | CY63: 759 | CZ63: 1011 | DA63: 532 | DB63: 3250 | DC63: 7 | DF63: 5200 | DG63: =IFERROR(VLOOKUP(G63,Hoja2!$C$1:$E$1548,3,FALSE),0) -> 1 | DH63: =IFERROR(VLOOKUP(G63,Hoja2!$O$1:$P$1906,2,FALSE),0) -> 1292
B64: VSF | D64: MANN-FILTER | E64: PC | F64: Oil Filter | G64: W 7008 | H64: FORD FIESTA KINETIC 1.6 SIGMA 2010 Ã¢â€ â€™ | I64: 12 | J64: 1996 | K64: 1549 | L64: 1025 | M64: 506 | N64: 1350 | O64: 1420 | P64: 1000 | Q64: 800 | R64: 2150 | S64: 1577 | T64: 1235 | U64: 1042 | V64: 1308 | W64: 728 | X64: 2240 | Y64: 1690 | Z64: 2096 | AA64: 724 | AB64: 1937 | AC64: 1677 | AD64: 2585 | AE64: 50 | AF64: 5315 | AG64: 1562 | AH64: 783 | AI64: 3437 | AJ64: 1159 | AK64: 1930 | AL64: 3277 | AM64: 2217 | AN64: 1618 | AO64: 1397 | AP64: 1501 | AQ64: 3830 | AR64: 1189 | AS64: 2010 | AT64: 2800 | AU64: 351 | AV64: 210 | AW64: 1040 | AX64: 4102 | AY64: 1350 | AZ64: 2250 | BA64: 2726 | BB64: 3909 | BC64: 1265 | BD64: 900 | BE64: 2800 | BF64: 901 | BG64: 90 | BH64: 1484 | BI64: 7776 | BJ64: 2151 | BK64: 2850 | BL64: 1203 | BM64: 2900 | BN64: 655 | BP64: 1247 | BQ64: 3603 | BR64: 2705 | BS64: 855 | BT64: 3650 | BU64: 700 | BW64: 6968 | BX64: 2764 | BY64: 2147 | BZ64: 5800 | CA64: 3358 | CB64: 3350 | CC64: 1320 | CD64: 2830 | CE64: 2650 | CF64: 2381 | CG64: 4062 | CH64: 1138 | CI64: 2999 | CJ64: 3857 | CK64: 1 | CM64: 2133 | CN64: 8745 | CO64: 2893 | CP64: 3520 | CQ64: 7700 | CR64: 1813 | CS64: 11545 | CT64: 2392 | CU64: 3932 | CV64: 3031 | CW64: 2525 | CX64: 3746 | CY64: 2276 | CZ64: 2903 | DA64: 1389 | DB64: 9800 | DC64: 635 | DF64: 3520 | DG64: =IFERROR(VLOOKUP(G64,Hoja2!$C$1:$E$1548,3,FALSE),0) -> 8091 | DH64: =IFERROR(VLOOKUP(G64,Hoja2!$O$1:$P$1906,2,FALSE),0) -> 2640
B65: VSF | D65: MANN-FILTER | E65: PC | F65: Oil Filter | G65: W 7030 | H65: Dodge Journey 2.4 / Jeep Compass / Patriot 2.4 2007Ã¢â€ â€™ | I65: 12 | J65: 144 | K65: 136 | L65: 256 | N65: 168 | O65: 341 | P65: 187 | Q65: 148 | R65: 258 | S65: 155 | T65: 95 | U65: 115 | V65: 80 | W65: 264 | X65: 328 | Y65: 483 | Z65: 230 | AA65: 163 | AB65: 192 | AC65: 180 | AD65: 312 | AF65: 828 | AG65: 132 | AH65: 223 | AI65: 252 | AJ65: 375 | AK65: 130 | AL65: 210 | AM65: 140 | AN65: 195 | AO65: 145 | AP65: 463 | AQ65: 38 | AR65: 156 | AS65: 224 | AT65: 284 | AU65: 5 | AV65: 455 | AW65: 85 | AX65: 181 | AY65: 106 | AZ65: 178 | BA65: 241 | BB65: 257 | BC65: 296 | BD65: 120 | BE65: 204 | BF65: 789 | BH65: 120 | BI65: 114 | BJ65: 633 | BK65: 240 | BL65: 168 | BM65: 228 | BN65: 528 | BO65: 24 | BP65: 60 | BQ65: 336 | BR65: 504 | BS65: 36 | BT65: 1020 | BU65: 228 | BW65: 972 | BX65: 180 | BY65: 492 | BZ65: 666 | CA65: 466 | CC65: 1 | CD65: 120 | CE65: 1291 | CF65: 600 | CG65: 29 | CH65: 539 | CI65: 493 | CJ65: 1 | CM65: 846 | CN65: 504 | CO65: 444 | CP65: 528 | CQ65: 492 | CR65: 216 | CS65: 12 | CT65: 132 | CU65: 360 | CV65: 504 | CW65: 309 | CX65: 210 | CY65: 700 | CZ65: 285 | DA65: 215 | DB65: 350 | DC65: 440 | DD65: 107 | DE65: 773 | DF65: 410 | DG65: =IFERROR(VLOOKUP(G65,Hoja2!$C$1:$E$1548,3,FALSE),0) -> 17 | DH65: =IFERROR(VLOOKUP(G65,Hoja2!$O$1:$P$1906,2,FALSE),0) -> 533
B66: VSF | D66: MANN-FILTER | E66: PC | F66: Oil Filter | G66: W 7050 | H66: FORD Transit 2.2 TDCi 2014Ã¢â€ â€™ | I66: 12 | V66: 169 | W66: 30 | X66: 88 | Y66: 10 | Z66: 10 | AA66: 12 | AB66: 14 | AC66: 40 | AD66: 5 | AE66: 20 | AF66: 50 | AH66: 24 | AJ66: 40 | AK66: 50 | AL66: 6 | AM66: 110 | AN66: 50 | AP66: 60 | AQ66: 60 | AR66: 35 | AT66: 22 | AU66: 58 | AV66: 32 | AX66: 60 | AY66: 14 | AZ66: 66 | BA66: 40 | BB66: 6 | BC66: 28 | BD66: 70 | BE66: 26 | BF66: 84 | BG66: 30 | BH66: 142 | BI66: 38 | BJ66: 176 | BK66: 92 | BL66: 10 | BM66: 102 | BN66: 80 | BP66: 64 | BQ66: 116 | BR66: 30 | BS66: 170 | BT66: 110 | BV66: 120 | BW66: 230 | BX66: 188 | BY66: 12 | BZ66: 168 | CA66: 192 | CC66: 360 | CD66: 240 | CE66: 46 | CF66: 14 | CG66: 100 | CH66: 112 | CI66: 118 | CJ66: 40 | CM66: 502 | CN66: 138 | CO66: 20 | CP66: 424 | CQ66: 66 | CR66: 184 | CS66: 258 | CT66: 192 | CU66: 100 | CV66: 92 | CW66: 18 | CX66: 184 | CY66: 170 | CZ66: 134 | DA66: 28 | DB66: 168 | DC66: 122 | DD66: 118 | DE66: 108 | DF66: 192 | DG66: =IFERROR(VLOOKUP(G66,Hoja2!$C$1:$E$1548,3,FALSE),0) -> 142 | DH66: =IFERROR(VLOOKUP(G66,Hoja2!$O$1:$P$1906,2,FALSE),0) -> 100
B67: VSF | D67: MANN-FILTER | E67: PC | F67: Oil Filter | G67: W 7053 | H67: PEUGEOT 207 1.4i, 206 1.9D, 1.4i, Partner 1.9D - CITROEN C4 2.0 16v (Reemplaza a W 712/8) | I67: 12 | BP67: 150 | BQ67: 198 | BR67: 1102 | BS67: 1443 | BT67: 950 | BU67: 400 | BV67: 2675 | BX67: 1425 | BY67: 650 | BZ67: 350 | CA67: 1000 | CB67: 877 | CC67: 273 | CD67: 750 | CE67: 1100 | CF67: 700 | CG67: 650 | CH67: 1250 | CI67: 266 | CJ67: 984 | CL67: 6 | CM67: 1619 | CN67: 1150 | CO67: 291 | CP67: 450 | CQ67: 1010 | CR67: 550 | CS67: 590 | CT67: 150 | CU67: 200 | CV67: 150 | CW67: 1700 | CX67: 300 | CY67: 200 | DA67: 146 | DB67: 750 | DC67: 1050 | DD67: 250 | DE67: 500 | DF67: 600 | DG67: =IFERROR(VLOOKUP(G67,Hoja2!$C$1:$E$1548,3,FALSE),0) -> 95 | DH67: =IFERROR(VLOOKUP(G67,Hoja2!$O$1:$P$1906,2,FALSE),0) -> 610
B68: VSF | D68: MANN-FILTER | E68: PC | F68: Oil Filter | G68: W 7056 | H68: CHEVROLET Cruze 1.4 T 86CID 153CV | I68: 12 | AN68: 1290 | AP68: 50 | AQ68: 32 | AR68: 62 | AS68: 371 | AT68: 25 | AU68: 1 | AW68: 31 | AX68: 120 | AY68: 158 | AZ68: 420 | BA68: 250 | BC68: 161 | BD68: 269 | BE68: 151 | BF68: 653 | BG68: 17 | BH68: 547 | BI68: 213 | BJ68: 770 | BK68: 180 | BM68: 340 | BN68: 520 | BP68: 400 | BQ68: 944 | BR68: 394 | BS68: 560 | BT68: 520 | BW68: 1 | BX68: 1589 | BY68: 1275 | BZ68: 1120 | CA68: 1190 | CB68: 455 | CC68: 665 | CD68: 810 | CE68: 980 | CF68: 905 | CG68: 1045 | CH68: 390 | CI68: 590 | CJ68: 910 | CK68: 40 | CM68: 630 | CN68: 1080 | CO68: 600 | CP68: 520 | CQ68: 862 | CR68: 670 | CS68: 1146 | CT68: 874 | CU68: 1700 | CV68: 890 | CW68: 633 | CX68: 1770 | CY68: 500 | DA68: 1877 | DB68: 920 | DC68: 702 | DD68: 500 | DE68: 1011 | DF68: 1487 | DG68: =IFERROR(VLOOKUP(G68,Hoja2!$C$1:$E$1548,3,FALSE),0) -> 1213 | DH68: =IFERROR(VLOOKUP(G68,Hoja2!$O$1:$P$1906,2,FALSE),0) -> 1417
B69: VSF | D69: MANN-FILTER | E69: PC | F69: Oil Filter | G69: W 7058 | H69: CITROEN C4 Cactus 1.2 2017Ã¢â€ â€™ DS3 1.2 PureTech 110 - Spacetourer 2.0 Hdi / PEUGEOT 3008 II 2.0 Hdi - 5008 2.0 Hdi - Traveller 2.0 Hdi (Reemplaza a W 716/1) | I69: 12 | BC69: 30 | BD69: 12 | BE69: 16 | BF69: 20 | BJ69: 30 | BL69: 2 | BM69: 41 | BN69: 20 | BQ69: 84 | BR69: 90 | BW69: 144 | BX69: 188 | BY69: 219 | BZ69: 132 | CA69: 66 | CB69: 52 | CC69: 169 | CD69: 157 | CE69: 55 | CF69: 198 | CG69: 110 | CH69: 10 | CI69: 191 | CJ69: 23 | CM69: 350 | CN69: 260 | CP69: 20 | CQ69: 320 | CR69: 200 | CS69: 172 | CT69: 14 | CU69: 91 | CV69: 165 | CW69: 51 | CX69: 69 | CY69: 24 | CZ69: 59 | DA69: 131 | DB69: 138 | DC69: 61 | DD69: 147 | DE69: 108 | DG69: =IFERROR(VLOOKUP(G69,Hoja2!$C$1:$E$1548,3,FALSE),0) -> 287 | DH69: =IFERROR(VLOOKUP(G69,Hoja2!$O$1:$P$1906,2,FALSE),0) -> 173
B70: VSF | D70: MANN-FILTER | E70: PC | F70: Oil Filter | G70: W 712/43 | H70: Ford Ka 1.3, Fiesta 1.3i (mot. Endura, 96Ã¢â€ â€™) - Chery Face 1.3L Ford Ecosport 2.0 Duratec | I70: 12 | J70: 456 | K70: 698 | L70: 780 | M70: 925 | O70: 1776 | Q70: 1707 | R70: 678 | S70: 738 | T70: 1206 | U70: 853 | V70: 10 | W70: 564 | X70: 1184 | Y70: 1032 | Z70: 1264 | AA70: 1207 | AB70: 339 | AC70: 730 | AD70: 1447 | AE70: 240 | AF70: 2527 | AG70: 233 | AH70: 644 | AI70: 1336 | AJ70: 1152 | AK70: 58 | AL70: 1038 | AM70: 424 | AN70: 548 | AO70: 222 | AQ70: 240 | AR70: 1812 | AS70: 128 | AT70: 434 | AU70: 928 | AV70: 936 | AW70: 10 | AX70: 972 | AY70: 1261 | AZ70: 240 | BA70: 647 | BB70: 817 | BC70: 1652 | BD70: 397 | BE70: 636 | BF70: 638 | BG70: 46 | BH70: 865 | BI70: 561 | BJ70: 411 | BK70: 561 | BL70: 1014 | BM70: 1176 | BN70: 780 | BO70: 828 | BP70: 816 | BQ70: 850 | BR70: 564 | BT70: 650 | BU70: 1018 | BV70: 651 | BW70: 1085 | BX70: 570 | BY70: 1186 | BZ70: 660 | CA70: 276 | CB70: 696 | CC70: 1030 | CD70: 1134 | CE70: 1220 | CF70: 1099 | CG70: 692 | CH70: 1100 | CI70: 12 | CJ70: 864 | CM70: 1128 | CN70: 760 | CO70: 1007 | CP70: 1116 | CQ70: 1394 | CR70: 330 | CS70: 156 | CT70: 36 | CU70: 122 | CV70: 318 | CW70: 444 | CX70: 570 | CY70: 402 | CZ70: 504 | DA70: 234 | DB70: 732 | DC70: 732 | DD70: 409 | DE70: 461 | DF70: 504 | DG70: =IFERROR(VLOOKUP(G70,Hoja2!$C$1:$E$1548,3,FALSE),0) -> 435 | DH70: =IFERROR(VLOOKUP(G70,Hoja2!$O$1:$P$1906,2,FALSE),0) -> 561
B71: VSF | D71: MANN-FILTER | E71: PC | F71: Oil Filter | G71: W 712/52 | H71: VOLKSWAGEN Fox 1.6-Gol 1.0-Gol Trend 1.6-Golf 1.6-Suran 1.6-Voyage II 1.6-(Reeemplaza a W 712/53) | I71: 12 | J71: 5020 | K71: 4710 | L71: 6550 | M71: 10500 | N71: 6010 | O71: 503 | P71: 6077 | Q71: 2721 | R71: 6629 | S71: 10172 | T71: 3840 | U71: 5120 | V71: 587 | W71: 16720 | X71: 7980 | Y71: 3800 | Z71: 9918 | AA71: 4940 | AB71: 5774 | AC71: 8466 | AD71: 9260 | AE71: 1091 | AF71: 17620 | AG71: 5628 | AH71: 7884 | AI71: 5130 | AJ71: 8509 | AT71: 5215 | AU71: 109 | AV71: 4726 | AW71: 200 | AX71: 300 | AY71: 3863 | AZ71: 1036 | BA71: 2550 | BB71: 5904 | BC71: 7870 | BD71: 1612 | BE71: 1970 | BF71: 5392 | BG71: 4438 | BH71: 3879 | BI71: 6264 | BJ71: 8243 | BK71: 5142 | BL71: 3853 | BM71: 4020 | BN71: 2850 | BO71: 1637 | BP71: 6380 | BQ71: 4211 | BR71: 6441 | BT71: 6060 | BU71: 340 | BX71: 3772 | BY71: 4332 | BZ71: 2198 | CA71: 2298 | CB71: 1882 | CC71: 3440 | CD71: 6262 | CE71: 5420 | CF71: 6650 | CG71: 4475 | CH71: 1280 | CI71: 7493 | CJ71: 5310 | CK71: 20 | CM71: 4806 | CN71: 8002 | CO71: 4018 | CP71: 6135 | CQ71: 6299 | CR71: 4855 | CS71: 11110 | CT71: 5202 | CU71: 3100 | CV71: 2290 | CW71: 4085 | CX71: 3190 | CY71: 10460 | CZ71: 3262 | DB71: 2677 | DC71: 3723 | DD71: 8960 | DE71: 1280 | DF71: 3840 | DG71: =IFERROR(VLOOKUP(G71,Hoja2!$C$1:$E$1548,3,FALSE),0) -> 3900 | DH71: =IFERROR(VLOOKUP(G71,Hoja2!$O$1:$P$1906,2,FALSE),0) -> 2170
B72: VSF | D72: MANN-FILTER | E72: PC | F72: Oil Filter | G72: W 712/73 | H72: Ford Mondeo Ghia III 2002Ã¢â€ â€™ NÃ‚Â° EFL 910, 1250507,1s7g-6714-DA, PH 9460/9566 Fram | I72: 12 | J72: 350 | K72: 370 | L72: 280 | M72: 211 | N72: 26 | O72: 388 | P72: 165 | Q72: 210 | R72: 50 | S72: 85 | T72: 225 | U72: 220 | V72: 340 | W72: 60 | X72: 230 | Y72: 260 | Z72: 265 | AA72: 95 | AB72: 207 | AC72: 18 | AD72: 65 | AF72: 125 | AG72: 20 | AH72: 425 | AI72: 60 | AJ72: 195 | AK72: 95 | AL72: 22 | AM72: 78 | AN72: 55 | AO72: 75 | AP72: 170 | AQ72: 61 | AR72: 94 | AS72: 86 | AT72: 155 | AU72: 215 | AW72: 218 | AX72: 35 | AY72: 40 | AZ72: 100 | BA72: 230 | BB72: 110 | BC72: 25 | BD72: 80 | BF72: 400 | BH72: 90 | BI72: 199 | BJ72: 331 | BK72: 193 | BL72: 72 | BM72: 210 | BN72: 70 | BO72: 105 | BP72: 80 | BQ72: 120 | BR72: 70 | BS72: 150 | BT72: 120 | BV72: 275 | BW72: 315 | BX72: 210 | BY72: 279 | BZ72: 195 | CA72: 240 | CB72: 150 | CC72: 130 | CD72: 260 | CE72: 121 | CF72: 159 | CG72: 110 | CH72: 130 | CI72: 300 | CJ72: 5 | CM72: 566 | CN72: 150 | CO72: 70 | CP72: 150 | CQ72: 181 | CR72: 23 | CS72: 107 | CT72: 100 | CU72: 123 | CV72: 167 | CW72: 90 | CX72: 140 | CY72: 160 | CZ72: 110 | DA72: 30 | DB72: 60 | DC72: 10 | DD72: 290 | DE72: 103 | DF72: 60 | DG72: =IFERROR(VLOOKUP(G72,Hoja2!$C$1:$E$1548,3,FALSE),0) -> 0 | DH72: =IFERROR(VLOOKUP(G72,Hoja2!$O$1:$P$1906,2,FALSE),0) -> 467
B73: VSF | D73: MANN-FILTER | E73: PC | F73: Oil Filter | G73: W 712/75 | H73: Fiat Palio y Siena1.8 8V y 16V, Punto 1.8 8V, Stilo 1.8, Daewo Espero, Lanos, GM Astra, Blazer, Corsa, Lumina APV, Meriva, Monza, S10 2.4 MPFI, Tigra, Vectra 2.0, 2.2, Zafira 1.8 y 2.0, Aveo, Agile, Spin 1.8 8V - Cobalt 1.8 8V - Prisma 1.4 - Onix 1.4 (Reemplaza a W 712/22) | I73: 12 | BP73: 2912 | BQ73: 7881 | BR73: 4807 | BS73: 6120 | BU73: 1632 | BV73: 4152 | BW73: 5879 | BX73: 9109 | BY73: 1872 | BZ73: 4844 | CA73: 2940 | CB73: 5030 | CC73: 1884 | CD73: 4822 | CE73: 4884 | CF73: 4390 | CG73: 669 | CH73: 3146 | CI73: 1063 | CL73: 1600 | CO73: 1600 | CP73: 14400 | CQ73: 1600 | CR73: 1273 | CS73: 5378 | CT73: 2064 | CU73: 1818 | CV73: 2648 | CW73: 1538 | CX73: 1556 | CY73: 5774 | CZ73: 3696 | DA73: 4888 | DB73: 1250 | DC73: 116 | DF73: 5702 | DG73: =IFERROR(VLOOKUP(G73,Hoja2!$C$1:$E$1548,3,FALSE),0) -> 2879 | DH73: =IFERROR(VLOOKUP(G73,Hoja2!$O$1:$P$1906,2,FALSE),0) -> 2256
B74: VSF | D74: MANN-FILTER | E74: Pick up | F74: Oil Filter | G74: W 712/83 | H74: TOYOTA Hilux 2.5L, 3.0 TDI | I74: 12 | J74: 2326 | K74: 2085 | L74: 3429 | M74: 1294 | N74: 1549 | O74: 5575 | P74: 7680 | Q74: 3384 | R74: 6 | S74: 4447 | T74: 3340 | U74: 310 | V74: 3140 | W74: 2700 | X74: 3360 | Y74: 3060 | Z74: 3830 | AA74: 1753 | AB74: 1400 | AC74: 4357 | AD74: 8197 | AF74: 3440 | AG74: 5930 | AH74: 3917 | AI74: 3684 | AJ74: 2883 | AK74: 5471 | AL74: 2610 | AM74: 1079 | AN74: 1639 | AO74: 5724 | AP74: 2901 | AQ74: 1616 | AR74: 3812 | AS74: 1869 | AT74: 2238 | AU74: 3088 | AV74: 2496 | AW74: 830 | AX74: 3151 | AY74: 2188 | AZ74: 1229 | BA74: 2407 | BB74: 1528 | BC74: 2772 | BD74: 4153 | BE74: 1457 | BF74: 2642 | BG74: 5815 | BH74: 2532 | BI74: 8146 | BJ74: 4690 | BK74: 3096 | BL74: 3608 | BM74: 3318 | BN74: 2127 | BO74: 259 | BP74: 80 | BQ74: 2166 | BR74: 11784 | BS74: 590 | BU74: 2320 | BV74: 11292 | BW74: 8800 | BX74: 2450 | BY74: 4160 | BZ74: 4564 | CA74: 4560 | CB74: 3587 | CC74: 4700 | CD74: 4061 | CE74: 2935 | CF74: 4183 | CG74: 364 | CH74: 4367 | CI74: 3120 | CJ74: 6282 | CK74: 138 | CM74: 11552 | CN74: 6030 | CO74: 8313 | CP74: 3224 | CQ74: 4647 | CR74: 2766 | CS74: 4380 | CT74: 2975 | CU74: 8349 | CV74: 56 | CW74: 2560 | CX74: 6461 | CY74: 7020 | CZ74: 4710 | DA74: 1710 | DB74: 1990 | DC74: 2020 | DD74: 10311 | DF74: 2560 | DG74: =IFERROR(VLOOKUP(G74,Hoja2!$C$1:$E$1548,3,FALSE),0) -> 2510 | DH74: =IFERROR(VLOOKUP(G74,Hoja2!$O$1:$P$1906,2,FALSE),0) -> 10216
B75: VSF | D75: MANN-FILTER | E75: PC | F75: Oil Filter | G75: W 712/95 | H75: VOLKSWAGEN UP 1.0 - Golf 1.4 TSI-Golf /Saveiro /Suran 1.6 MSI 2015 / AUDI A3 1.4 TFSI | I75: 12 | J75: 220 | K75: 440 | L75: 336 | M75: 330 | N75: 202 | O75: 598 | P75: 242 | Q75: 340 | R75: 485 | S75: 375 | T75: 310 | U75: 239 | V75: 10 | W75: 550 | X75: 1121 | Y75: 615 | Z75: 591 | AA75: 562 | AB75: 445 | AC75: 733 | AD75: 1019 | AE75: 310 | AF75: 2120 | AG75: 483 | AH75: 700 | AI75: 2017 | AJ75: 110 | AK75: 1310 | AL75: 975 | AM75: 906 | AN75: 2160 | AO75: 255 | AP75: 1475 | AQ75: 905 | AR75: 944 | AS75: 591 | AT75: 1560 | AU75: 440 | AV75: 767 | AW75: 1020 | AX75: 1055 | AY75: 534 | AZ75: 960 | BA75: 1130 | BB75: 1450 | BC75: 800 | BD75: 2136 | BE75: 1482 | BF75: 691 | BH75: 1200 | BI75: 2640 | BJ75: 5625 | BK75: 1024 | BL75: 1082 | BM75: 1030 | BN75: 1711 | BO75: 810 | BP75: 150 | BQ75: 270 | BR75: 1667 | BS75: 720 | BV75: 831 | BW75: 1757 | BX75: 1830 | BY75: 1698 | BZ75: 2725 | CA75: 3100 | CB75: 3014 | CC75: 1470 | CD75: 3370 | CE75: 3240 | CF75: 2830 | CG75: 3203 | CH75: 1430 | CI75: 2160 | CJ75: 1442 | CM75: 5208 | CN75: 3742 | CP75: 6140 | CQ75: 1891 | CR75: 1640 | CS75: 2887 | CT75: 641 | CU75: 2793 | CV75: 1380 | CW75: 1690 | CX75: 2460 | CY75: 2848 | CZ75: 3150 | DA75: 1545 | DB75: 1480 | DC75: 2150 | DD75: 3715 | DE75: 76 | DF75: 3840 | DG75: =IFERROR(VLOOKUP(G75,Hoja2!$C$1:$E$1548,3,FALSE),0) -> 1280 | DH75: =IFERROR(VLOOKUP(G75,Hoja2!$O$1:$P$1906,2,FALSE),0) -> 6215
B76: VSF | D76: MANN-FILTER | E76: PC | F76: Oil Filter | G76: W 719/30 | H76: Audi TT Quattro 1.8 20V (99Ã¢â€ â€™); Seat Ibiza II 2.0i 16V (98Ã¢â€ â€™), Toledo Magnus 1.6i (98Ã¢â€ â€™) | I76: 12 | J76: 1284 | K76: 960 | L76: 1729 | M76: 600 | N76: 108 | O76: 1962 | P76: 544 | Q76: 936 | R76: 908 | S76: 421 | T76: 756 | U76: 204 | V76: 1358 | W76: 432 | X76: 1053 | Y76: 378 | Z76: 1626 | AA76: 1108 | AB76: 1046 | AC76: 666 | AD76: 1200 | AE76: 228 | AF76: 2150 | AG76: 448 | AH76: 836 | AI76: 1162 | AJ76: 774 | AK76: 234 | AL76: 624 | AM76: 162 | AN76: 672 | AO76: 291 | AP76: 940 | AQ76: 450 | AR76: 355 | AT76: 570 | AU76: 1030 | AW76: 972 | AX76: 750 | AY76: 1148 | AZ76: 1056 | BA76: 732 | BB76: 612 | BC76: 634 | BD76: 769 | BE76: 984 | BF76: 408 | BG76: 1848 | BH76: 216 | BI76: 200 | BJ76: 588 | BK76: 504 | BL76: 553 | BM76: 480 | BN76: 583 | BO76: 1631 | BP76: 360 | BQ76: 210 | BR76: 1 | BV76: 1947 | BW76: 775 | BX76: 740 | BY76: 650 | BZ76: 990 | CA76: 1080 | CB76: 695 | CC76: 285 | CD76: 907 | CE76: 800 | CF76: 870 | CG76: 74 | CH76: 2438 | CI76: 50 | CJ76: 31 | CM76: 1224 | CO76: 1270 | CP76: 1230 | CQ76: 1442 | CR76: 347 | CS76: 266 | CT76: 430 | CU76: 50 | CV76: 250 | CW76: 262 | CX76: 370 | CY76: 260 | CZ76: 550 | DA76: 650 | DB76: 671 | DC76: 860 | DD76: 65 | DF76: 2000 | DG76: =IFERROR(VLOOKUP(G76,Hoja2!$C$1:$E$1548,3,FALSE),0) -> 458 | DH76: =IFERROR(VLOOKUP(G76,Hoja2!$O$1:$P$1906,2,FALSE),0) -> 911
B77: VSF | D77: MANN-FILTER | E77: PC | F77: Oil Filter | G77: W 719/5 | H77: VW Voyage 1.6, Seat; Ford Escort, Orion, Galaxy; BMW - VW Gol 1.4 MI | I77: 12 | J77: 5940 | K77: 3792 | L77: 5652 | M77: 11096 | N77: 7655 | O77: 1084 | P77: 5142 | Q77: 1578 | R77: 4668 | S77: 3582 | T77: 3486 | U77: 3300 | V77: 1212 | W77: 1710 | X77: 2382 | Y77: 2892 | Z77: 5688 | AA77: 2304 | AB77: 893 | AC77: 3483 | AD77: 7460 | AE77: 192 | AF77: 2250 | AG77: 2949 | AH77: 1535 | AI77: 4088 | AJ77: 1022 | AK77: 6031 | AL77: 1032 | AM77: 487 | AN77: 5250 | AO77: 1926 | AP77: 1000 | AQ77: 4814 | AR77: 2101 | AS77: 3120 | AT77: 2045 | AU77: 2256 | AV77: 1320 | AX77: 120 | AY77: 1668 | AZ77: 720 | BA77: 2578 | BB77: 1732 | BC77: 840 | BD77: 2112 | BE77: 1320 | BF77: 24 | BH77: 6078 | BI77: 5044 | BJ77: 4886 | BK77: 2688 | BL77: 645 | BP77: 4309 | BQ77: 3907 | BR77: 2150 | BS77: 1700 | BT77: 1700 | BU77: 1350 | BV77: 2982 | BW77: 2940 | BX77: 400 | BY77: 2280 | BZ77: 1452 | CA77: 1900 | CB77: 2500 | CC77: 1098 | CD77: 1980 | CE77: 2150 | CF77: 1900 | CG77: 1339 | CH77: 876 | CI77: 3740 | CJ77: 2037 | CK77: 150 | CL77: 25 | CM77: 4582 | CN77: 2138 | CO77: 3363 | CP77: 6800 | CQ77: 1559 | CR77: 1309 | CS77: 3741 | CT77: 1200 | CU77: 650 | CV77: 350 | CW77: 454 | CX77: 200 | CY77: 4250 | CZ77: 1502 | DA77: 500 | DB77: 503 | DC77: 1600 | DD77: 1954 | DE77: 1046 | DF77: 950 | DG77: =IFERROR(VLOOKUP(G77,Hoja2!$C$1:$E$1548,3,FALSE),0) -> 1450 | DH77: =IFERROR(VLOOKUP(G77,Hoja2!$O$1:$P$1906,2,FALSE),0) -> 2400
B78: VSF | D78: MANN-FILTER | E78: PC | F78: Oil Filter | G78: W 75/3 | H78: Renault Sandero / Stepway 1.6 16V, Renault Symbol 1.6 16V, Renault Express, Kangoo c/motor 1,6 EFF 1,9 Diesel F9Q , Duster 1.6 16V (Reemplaza al W 75/2) | I78: 12 | J78: 1000 | K78: 10569 | L78: 390 | N78: 41 | W78: 3681 | X78: 3854 | Y78: 7675 | Z78: 5320 | AA78: 7950 | AB78: 3173 | AC78: 200 | AD78: 14335 | AE78: 60 | AF78: 3818 | AG78: 6296 | AH78: 5471 | AI78: 4664 | AR78: 2407 | AS78: 3843 | AT78: 6890 | AU78: 2311 | AV78: 3818 | AW78: 2590 | AX78: 1204 | AY78: 5084 | AZ78: 6400 | BA78: 3050 | BB78: 5250 | BC78: 5758 | BD78: 600 | BE78: 1860 | BF78: 3600 | BG78: 15200 | BH78: 2190 | BI78: 6610 | BJ78: 3170 | BK78: 2070 | BL78: 3251 | BM78: 3650 | BN78: 2390 | BO78: 2360 | BP78: 805 | BQ78: 4950 | BR78: 8375 | BS78: 1714 | BT78: 6079 | BU78: 7411 | BV78: 3079 | BW78: 8091 | BX78: 2190 | BY78: 4270 | BZ78: 3020 | CA78: 7180 | CB78: 7622 | CC78: 2752 | CD78: 11238 | CE78: 4860 | CF78: 2853 | CG78: 7200 | CH78: 3350 | CI78: 5993 | CJ78: 4742 | CL78: 9500 | CM78: 8626 | CN78: 6450 | CO78: 3760 | CP78: 730 | CQ78: 3635 | CR78: 14467 | CS78: 10417 | CT78: 4968 | CU78: 1372 | CV78: 5000 | CW78: 2954 | CX78: 1900 | CY78: 5020 | CZ78: 5503 | DA78: 5200 | DB78: 5362 | DC78: 550 | DD78: 2820 | DE78: 169 | DF78: 4301 | DG78: =IFERROR(VLOOKUP(G78,Hoja2!$C$1:$E$1548,3,FALSE),0) -> 4340 | DH78: =IFERROR(VLOOKUP(G78,Hoja2!$O$1:$P$1906,2,FALSE),0) -> 1500
B79: VSF | D79: MANN-FILTER | E79: OHI | F79: Oil Filter | G79: W 936/4 | H79: Tractores John Deere; Nro. Orig. AR 58 956 - AT 19 044 T - T 19 044 - T 19 044 D - T 19 044 T - T 19 044 TH | I79: 12 | K79: 340 | L79: 650 | M79: 126 | N79: 74 | O79: 26 | P79: 2 | Q79: 70 | R79: 58 | S79: 116 | T79: 144 | U79: 96 | V79: 310 | W79: 504 | X79: 272 | Y79: 81 | Z79: 109 | AA79: 72 | AB79: 122 | AC79: 226 | AD79: 198 | AF79: 158 | AG79: 102 | AH79: 180 | AI79: 234 | AJ79: 230 | AK79: 112 | AL79: 210 | AM79: 240 | AN79: 114 | AO79: 96 | AP79: 84 | AQ79: 141 | AR79: 156 | AS79: 155 | AT79: 48 | AU79: 155 | AV79: 52 | AW79: 274 | AX79: 115 | AY79: 225 | AZ79: 385 | BA79: 20 | BC79: 432 | BD79: 400 | BE79: 351 | BF79: 270 | BG79: 320 | BH79: 100 | BI79: 140 | BJ79: 240 | BK79: 190 | BL79: 170 | BM79: 180 | BN79: 70 | BO79: 150 | BP79: 30 | BQ79: 70 | BR79: 260 | BS79: 250 | BT79: 210 | BU79: 37 | BW79: 290 | BX79: 100 | BY79: 255 | BZ79: 198 | CA79: 350 | CB79: 46 | CC79: 44 | CD79: 160 | CE79: 166 | CF79: 90 | CG79: 301 | CH79: 193 | CI79: 6 | CM79: 394 | CN79: 140 | CO79: 60 | CP79: 140 | CQ79: 250 | CR79: 100 | CS79: 70 | CT79: 90 | CU79: 220 | CV79: 280 | CW79: 77 | CX79: 223 | CY79: 50 | CZ79: 150 | DA79: 147 | DB79: 200 | DD79: 250 | DE79: 273 | DF79: 190 | DG79: =IFERROR(VLOOKUP(G79,Hoja2!$C$1:$E$1548,3,FALSE),0) -> 137 | DH79: =IFERROR(VLOOKUP(G79,Hoja2!$O$1:$P$1906,2,FALSE),0) -> 383
B80: VSF | D80: MANN-FILTER | E80: CV | F80: Oil Filter | G80: W 940/69 | H80: Iveco Daily 3,0 D 2007 Ã¢â€ â€™; Iveco 2995655 | I80: 12 | J80: 250 | K80: 160 | L80: 285 | M80: 165 | N80: 335 | O80: 280 | Q80: 445 | R80: 130 | S80: 205 | T80: 105 | U80: 155 | V80: 275 | W80: 325 | X80: 120 | Y80: 150 | Z80: 730 | AA80: 80 | AB80: 140 | AC80: 335 | AD80: 165 | AE80: 65 | AF80: 345 | AG80: 150 | AH80: 380 | AI80: 106 | AJ80: 250 | AK80: 595 | AL80: 125 | AM80: 70 | AN80: 145 | AO80: 110 | AQ80: 45 | AT80: 249 | AV80: 120 | AW80: 250 | AX80: 130 | AY80: 371 | AZ80: 330 | BA80: 20 | BB80: 39 | BC80: 431 | BD80: 370 | BE80: 200 | BF80: 290 | BG80: 360 | BH80: 110 | BI80: 160 | BJ80: 180 | BK80: 190 | BL80: 649 | BM80: 30 | BO80: 10 | BP80: 140 | BQ80: 390 | BR80: 130 | BS80: 721 | BT80: 140 | BU80: 259 | BV80: 521 | BW80: 310 | BX80: 159 | BY80: 121 | BZ80: 130 | CA80: 170 | CB80: 360 | CC80: 70 | CD80: 740 | CE80: 340 | CF80: 200 | CG80: 299 | CH80: 230 | CI80: 180 | CJ80: 20 | CM80: 861 | CN80: 299 | CO80: 200 | CP80: 550 | CQ80: 160 | CR80: 131 | CS80: 470 | CT80: 210 | CU80: 170 | CV80: 280 | CW80: 179 | CX80: 331 | CY80: 180 | CZ80: 79 | DA80: 280 | DB80: 270 | DC80: 561 | DD80: 30 | DE80: 9 | DG80: =IFERROR(VLOOKUP(G80,Hoja2!$C$1:$E$1548,3,FALSE),0) -> 826 | DH80: =IFERROR(VLOOKUP(G80,Hoja2!$O$1:$P$1906,2,FALSE),0) -> 584
B81: VSF | D81: MANN-FILTER | E81: CV | F81: Oil Filter | G81: W 962 | H81: Deutz, Fiat-ALLIS, Ford F250, F14000 HD , Ranger V6 2.3L, Volkswagen Constellation 13 180, 15 180, Valmet | I81: 12 | J81: 2440 | K81: 2576 | L81: 2225 | M81: 1126 | N81: 1670 | O81: 2122 | P81: 1751 | Q81: 2385 | R81: 3650 | S81: 4563 | T81: 270 | U81: 45 | V81: 1660 | W81: 1570 | X81: 5890 | Y81: 2207 | Z81: 2791 | AA81: 3503 | AB81: 860 | AC81: 2519 | AD81: 3683 | AE81: 1428 | AF81: 4011 | AG81: 1649 | AH81: 3537 | AI81: 3344 | AJ81: 2915 | AK81: 2625 | AL81: 2985 | AM81: 2013 | AN81: 5765 | AO81: 2340 | AP81: 1178 | AQ81: 2437 | AR81: 2151 | AS81: 5963 | AT81: 2346 | AU81: 2038 | AV81: 1000 | AW81: 1203 | AX81: 4150 | AY81: 1150 | AZ81: 2856 | BA81: 2600 | BB81: 874 | BC81: 3676 | BD81: 884 | BE81: 2216 | BF81: 2900 | BG81: 4550 | BH81: 754 | BI81: 1435 | BJ81: 2685 | BK81: 3300 | BL81: 2067 | BM81: 2400 | BN81: 552 | BO81: 1260 | BP81: 1900 | BQ81: 1762 | BR81: 1203 | BS81: 662 | BT81: 2880 | BU81: 7 | BV81: 7146 | BW81: 2155 | BX81: 2185 | BY81: 1904 | BZ81: 2790 | CA81: 1233 | CB81: 1825 | CC81: 1026 | CD81: 2472 | CE81: 2503 | CF81: 610 | CG81: 2080 | CH81: 2277 | CI81: 2519 | CJ81: 3099 | CK81: 583 | CL81: 1285 | CM81: 2266 | CO81: 1600 | CP81: 1000 | CQ81: 5094 | CR81: 1306 | CS81: 1000 | CT81: 900 | CU81: 1603 | CV81: 1011 | CW81: 1150 | CX81: 1170 | CY81: 954 | CZ81: 995 | DA81: 480 | DB81: 2980 | DC81: 1800 | DD81: 1850 | DE81: 550 | DF81: 979 | DG81: =IFERROR(VLOOKUP(G81,Hoja2!$C$1:$E$1548,3,FALSE),0) -> 1440 | DH81: =IFERROR(VLOOKUP(G81,Hoja2!$O$1:$P$1906,2,FALSE),0) -> 2235
B82: VSF | D82: MANN-FILTER | E82: OHI | F82: Oil Filter | G82: W 962/14 | H82: ATLAS COPCO | I82: 12 | J82: 105 | K82: 201 | L82: 110 | M82: 80 | N82: 90 | O82: 140 | P82: 105 | Q82: 165 | R82: 55 | S82: 184 | T82: 200 | U82: 4 | V82: 100 | W82: 21 | X82: 110 | Y82: 130 | Z82: 98 | AA82: 143 | AB82: 93 | AC82: 92 | AD82: 165 | AF82: 123 | AG82: 10 | AH82: 124 | AI82: 97 | AJ82: 50 | AL82: 90 | AM82: 65 | AN82: 60 | AO82: 85 | AP82: 30 | AQ82: 84 | AR82: 66 | AS82: 186 | AT82: 220 | AU82: 105 | AV82: 20 | AX82: 30 | AY82: 155 | AZ82: 110 | BA82: 40 | BB82: 115 | BC82: 170 | BD82: 210 | BE82: 20 | BF82: 170 | BG82: 60 | BH82: 132 | BI82: 70 | BJ82: 110 | BK82: 90 | BL82: 10 | BM82: 110 | BN82: 223 | BO82: 53 | BQ82: 171 | BR82: 11 | BT82: 96 | BV82: 60 | BW82: 34 | BX82: 316 | BY82: 204 | BZ82: 150 | CA82: 20 | CB82: 140 | CC82: 120 | CD82: 260 | CE82: 260 | CF82: 570 | CG82: 120 | CH82: 40 | CI82: 20 | CJ82: 10 | CK82: 220 | CL82: 8 | CM82: 170 | CN82: 304 | CP82: 20 | CQ82: 120 | CR82: 208 | CS82: 162 | CT82: 10 | CU82: 30 | CV82: 20 | CW82: 82 | CX82: 20 | CY82: 10 | CZ82: 170 | DA82: 192 | DB82: 138 | DC82: 160 | DD82: 82 | DE82: 52 | DF82: 26 | DG82: =IFERROR(VLOOKUP(G82,Hoja2!$C$1:$E$1548,3,FALSE),0) -> 20 | DH82: =IFERROR(VLOOKUP(G82,Hoja2!$O$1:$P$1906,2,FALSE),0) -> 30
B83: VSF | D83: MANN-FILTER | E83: CV | F83: Fuel Filter | G83: WDK 11 102/28 | H83: VOLVO TRUCKS fh, fm, fmx, vm (Reemplaza a WDK 11 102/23) | I83: 12 | AU83: 224 | AW83: 24 | AX83: 133 | AY83: 112 | AZ83: 176 | BA83: 88 | BB83: 224 | BC83: 80 | BD83: 11 | BE83: 173 | BF83: 390 | BG83: 88 | BH83: 8 | BI83: 96 | BJ83: 152 | BK83: 136 | BL83: 104 | BM83: 136 | BN83: 248 | BO83: 21 | BQ83: 168 | BR83: 112 | BT83: 218 | BU83: 222 | BV83: 170 | BW83: 96 | BX83: 152 | BY83: 200 | BZ83: 96 | CA83: 152 | CB83: 152 | CD83: 342 | CE83: 32 | CF83: 96 | CG83: 338 | CH83: 392 | CI83: 194 | CJ83: 484 | CM83: 1228 | CO83: 272 | CP83: 1334 | CQ83: 278 | CR83: 250 | CS83: 396 | CT83: 200 | CU83: 160 | CV83: 122 | CW83: 122 | CX83: 196 | CY83: 57 | CZ83: 72 | DA83: 113 | DB83: 257 | DC83: 224 | DD83: 218 | DE83: 187 | DF83: 160 | DG83: =IFERROR(VLOOKUP(G83,Hoja2!$C$1:$E$1548,3,FALSE),0) -> 328 | DH83: =IFERROR(VLOOKUP(G83,Hoja2!$O$1:$P$1906,2,FALSE),0) -> 249
B84: VSF | D84: MANN-FILTER | E84: CV | F84: Fuel Filter | G84: WDK 962/16 | H84: Fiat Iveco Euro Tech 190 E 31T, 180 E 24, Cursor 8 Turbocompresor, Stralis; N* Orig. Iveco 190 7460, 299 1585, 9 948 4067, Fletguard FF 5313. Reemplaza al WDK 962/10. | I84: 12 | J84: 396 | K84: 348 | L84: 552 | M84: 216 | N84: 172 | O84: 580 | P84: 707 | Q84: 308 | R84: 438 | S84: 464 | T84: 452 | U84: 152 | V84: 380 | W84: 544 | X84: 160 | Y84: 382 | Z84: 304 | AA84: 576 | AB84: 404 | AD84: 566 | AE84: 126 | AF84: 322 | AG84: 384 | AH84: 270 | AI84: 234 | AJ84: 324 | AK84: 998 | AM84: 150 | AN84: 644 | AO84: 698 | AP84: 29 | AQ84: 128 | AR84: 556 | AS84: 282 | AT84: 340 | AU84: 180 | AW84: 260 | AX84: 740 | AY84: 200 | AZ84: 470 | BA84: 40 | BB84: 137 | BC84: 1090 | BD84: 1040 | BE84: 693 | BF84: 454 | BG84: 650 | BH84: 130 | BI84: 220 | BJ84: 420 | BK84: 700 | BL84: 1650 | BM84: 33 | BN84: 387 | BQ84: 590 | BR84: 73 | BS84: 447 | BT84: 1570 | BU84: 400 | BV84: 360 | BW84: 430 | BX84: 500 | BY84: 710 | BZ84: 180 | CA84: 323 | CB84: 76 | CC84: 671 | CD84: 22 | CE84: 380 | CF84: 360 | CG84: 710 | CH84: 197 | CI84: 404 | CJ84: 351 | CK84: 35 | CM84: 1454 | CN84: 496 | CO84: 551 | CP84: 208 | CQ84: 419 | CR84: 655 | CS84: 320 | CT84: 120 | CU84: 350 | CV84: 500 | CX84: 880 | CY84: 337 | CZ84: 200 | DA84: 393 | DB84: 407 | DC84: 523 | DD84: 570 | DE84: 348 | DF84: 302 | DG84: =IFERROR(VLOOKUP(G84,Hoja2!$C$1:$E$1548,3,FALSE),0) -> 410 | DH84: =IFERROR(VLOOKUP(G84,Hoja2!$O$1:$P$1906,2,FALSE),0) -> 550
B85: VSF | D85: MANN-FILTER | E85: PC | F85: Fuel Filter | G85: WK 10 034 Z | H85: VW Amarok 2.0 Tdi, 2015Ã¢â€ â€™ | I85: 12 | BJ85: 2656 | BK85: 100 | BL85: 962 | BM85: 41 | BN85: 6 | BO85: 218 | BP85: 72 | BQ85: 377 | BR85: 470 | BS85: 220 | BT85: 1885 | BU85: 340 | BV85: 30 | BX85: 324 | BY85: 320 | BZ85: 570 | CA85: 260 | CB85: 421 | CC85: 180 | CD85: 590 | CE85: 326 | CF85: 472 | CG85: 1110 | CH85: 729 | CI85: 190 | CJ85: 42 | CK85: 25 | CM85: 1100 | CN85: 402 | CP85: 480 | CQ85: 957 | CR85: 249 | CS85: 605 | CT85: 559 | CU85: 732 | CV85: 176 | CW85: 1238 | CX85: 696 | CY85: 864 | CZ85: 200 | DA85: 720 | DB85: 692 | DC85: 148 | DD85: 720 | DE85: 945 | DF85: 605 | DG85: =IFERROR(VLOOKUP(G85,Hoja2!$C$1:$E$1548,3,FALSE),0) -> 360 | DH85: =IFERROR(VLOOKUP(G85,Hoja2!$O$1:$P$1906,2,FALSE),0) -> 1618
B86: VSF | D86: MANN-FILTER | E86: PC | F86: Fuel Filter | G86: WK 10 046 Z | H86: VW Amarok 3.0 Tdi V6, 2017Ã¢â€ â€™ | I86: 12 | BT86: 320 | BV86: 20 | CC86: 2080 | CD86: 220 | CE86: 160 | CF86: 90 | CG86: 250 | CH86: 170 | CI86: 670 | CJ86: 300 | CK86: 960 | CL86: 200 | CM86: 100 | CN86: 190 | CO86: 50 | CP86: 200 | CQ86: 180 | CR86: 120 | CS86: 420 | CT86: 250 | CU86: 240 | CY86: 1440 | CZ86: 10 | DF86: 480 | DG86: =IFERROR(VLOOKUP(G86,Hoja2!$C$1:$E$1548,3,FALSE),0) -> 2503 | DH86: =IFERROR(VLOOKUP(G86,Hoja2!$O$1:$P$1906,2,FALSE),0) -> 370
B87: VSF | D87: MANN-FILTER | E87: CV | F87: Fuel Filter | G87: WK 1149 | H87: IVECO Euro Trakker Cursor 13, Stralis Cursor 13 | I87: 12 | J87: 221 | K87: 112 | L87: 550 | M87: 87 | N87: 228 | O87: 216 | Q87: 516 | R87: 142 | S87: 241 | T87: 205 | U87: 106 | V87: 289 | W87: 47 | X87: 234 | Y87: 317 | Z87: 315 | AA87: 336 | AB87: 390 | AC87: 179 | AD87: 465 | AE87: 60 | AF87: 6 | AG87: 133 | AH87: 157 | AI87: 358 | AJ87: 111 | AK87: 242 | AL87: 76 | AM87: 270 | AN87: 319 | AO87: 407 | AQ87: 117 | AR87: 318 | AT87: 192 | AU87: 156 | AV87: 274 | AW87: 18 | AX87: 84 | AY87: 410 | BB87: 66 | BC87: 30 | BD87: 474 | BE87: 252 | BF87: 448 | BG87: 104 | BH87: 304 | BI87: 192 | BJ87: 209 | BL87: 177 | BN87: 360 | BR87: 1101 | BS87: 114 | BT87: 78 | BU87: 18 | BV87: 282 | BW87: 156 | BX87: 246 | BY87: 396 | BZ87: 198 | CA87: 306 | CB87: 330 | CC87: 96 | CD87: 192 | CE87: 87 | CF87: 423 | CG87: 195 | CH87: 324 | CI87: 261 | CJ87: 44 | CM87: 862 | CN87: 240 | CO87: 339 | CP87: 441 | CQ87: 108 | CR87: 246 | CS87: 72 | CT87: 152 | CU87: 414 | CV87: 254 | CW87: 196 | CX87: 362 | CY87: 195 | CZ87: 332 | DA87: 420 | DB87: 809 | DC87: 234 | DD87: 360 | DE87: 160 | DF87: 476 | DG87: =IFERROR(VLOOKUP(G87,Hoja2!$C$1:$E$1548,3,FALSE),0) -> 165 | DH87: =IFERROR(VLOOKUP(G87,Hoja2!$O$1:$P$1906,2,FALSE),0) -> 171
B88: VSF | D88: MANN-FILTER | E88: PC | F88: Fuel Filter | G88: WK 31/2 (10) | H88: Filtros de combustible universal /p Motos mayores a 150cc | I88: 12 | J88: 430 | K88: 360 | L88: 130 | M88: 140 | N88: 620 | O88: 50 | P88: 110 | Q88: 110 | S88: 90 | V88: 110 | W88: 170 | X88: 320 | Y88: 10 | Z88: 50 | AA88: 580 | AB88: 60 | AC88: 272 | AD88: 180 | AF88: 120 | AG88: 130 | AH88: 182 | AI88: 66 | AJ88: 60 | AK88: 200 | AL88: 40 | AM88: 92 | AO88: 20 | AP88: 6 | AQ88: 290 | AR88: 140 | AS88: 510 | AT88: 150 | AU88: 520 | AV88: 50 | AW88: 30 | AX88: 40 | AY88: 100 | AZ88: 40 | BA88: 270 | BB88: 100 | BC88: 120 | BD88: 340 | BE88: 20 | BF88: 144 | BG88: 90 | BH88: 213 | BI88: 50 | BJ88: 160 | BK88: 195 | BL88: 190 | BM88: 119 | BP88: 610 | BQ88: 620 | BR88: 80 | BS88: 290 | BT88: 40 | BU88: 130 | BV88: 150 | BW88: 200 | BX88: 130 | BY88: 90 | BZ88: 70 | CA88: 200 | CB88: 70 | CC88: 200 | CD88: 200 | CE88: 110 | CF88: 250 | CG88: 160 | CH88: 50 | CI88: 100 | CJ88: 160 | CK88: 90 | CM88: 70 | CN88: 160 | CO88: 360 | CP88: 210 | CQ88: 50 | CR88: 120 | CS88: 380 | CT88: 40 | CU88: 80 | CV88: 130 | CW88: 360 | CX88: 281 | CY88: 100 | CZ88: 289 | DA88: 60 | DB88: 150 | DC88: 10 | DD88: 60 | DE88: 90 | DF88: 110 | DG88: =IFERROR(VLOOKUP(G88,Hoja2!$C$1:$E$1548,3,FALSE),0) -> 260 | DH88: =IFERROR(VLOOKUP(G88,Hoja2!$O$1:$P$1906,2,FALSE),0) -> 110
B89: VSF | D89: MANN-FILTER | E89: PC | F89: Fuel Filter | G89: WK 512 | H89: Fiat Marea; Chevrolet Corsa 1.6i, Omega 2.0i; Peugeot 405 MI 16V; Daewoo, Meriva | I89: 12 | J89: 853 | K89: 444 | L89: 564 | M89: 1016 | O89: 300 | P89: 1048 | Q89: 714 | R89: 288 | S89: 504 | T89: 461 | U89: 258 | V89: 1005 | W89: 188 | X89: 286 | Y89: 1200 | Z89: 463 | AA89: 163 | AB89: 124 | AC89: 800 | AD89: 912 | AE89: 54 | AF89: 144 | AG89: 170 | AH89: 90 | AI89: 536 | AJ89: 552 | AK89: 386 | AL89: 290 | AM89: 186 | AN89: 150 | AO89: 652 | AP89: 198 | AQ89: 88 | AR89: 92 | AS89: 172 | AT89: 518 | AU89: 201 | AW89: 69 | AX89: 430 | AY89: 302 | AZ89: 320 | BA89: 260 | BB89: 233 | BC89: 20 | BD89: 280 | BE89: 227 | BF89: 260 | BG89: 140 | BH89: 110 | BI89: 280 | BJ89: 520 | BK89: 240 | BL89: 70 | BM89: 280 | BN89: 163 | BP89: 220 | BQ89: 197 | BR89: 260 | BS89: 263 | BT89: 510 | BU89: 520 | BV89: 250 | BW89: 337 | BX89: 150 | BY89: 370 | BZ89: 100 | CA89: 210 | CB89: 330 | CC89: 70 | CD89: 290 | CE89: 20 | CF89: 355 | CG89: 140 | CH89: 260 | CI89: 280 | CJ89: 300 | CM89: 280 | CN89: 420 | CO89: 220 | CP89: 208 | CQ89: 209 | CR89: 70 | CS89: 250 | CT89: 210 | CU89: 40 | CV89: 120 | CW89: 104 | CX89: 212 | CY89: 40 | DA89: 40 | DB89: 191 | DC89: 90 | DD89: 290 | DE89: 170 | DG89: =IFERROR(VLOOKUP(G89,Hoja2!$C$1:$E$1548,3,FALSE),0) -> 190 | DH89: =IFERROR(VLOOKUP(G89,Hoja2!$O$1:$P$1906,2,FALSE),0) -> 40
B90: VSF | D90: MANN-FILTER | E90: PC | F90: Fuel Filter | G90: WK 6002 | H90: CitroÃƒÂ«n Xsara 1.9 8V Diesel c/mot. XUD9A (98Ã¢â€ â€™); Renault Megane RN, RT 1.6; ScÃƒÂ©nic RT, RXE 2.0 8V | I90: 12 | J90: 4840 | K90: 4410 | L90: 3025 | M90: 6610 | N90: 3179 | O90: 4810 | P90: 4260 | Q90: 2890 | R90: 2150 | S90: 2290 | T90: 10870 | U90: 1380 | V90: 2023 | W90: 640 | X90: 6850 | Y90: 6567 | Z90: 3508 | AA90: 2242 | AB90: 9662 | AC90: 2088 | AD90: 3070 | AE90: 700 | AF90: 1910 | AG90: 4179 | AH90: 11871 | AI90: 5608 | AJ90: 6042 | AK90: 4340 | AL90: 1943 | AM90: 2790 | AN90: 4390 | AO90: 6450 | AP90: 3230 | AQ90: 1978 | AR90: 3322 | AS90: 1499 | AT90: 6056 | AU90: 1632 | AV90: 3552 | AW90: 2120 | AX90: 4150 | AY90: 3758 | AZ90: 1951 | BA90: 2575 | BB90: 5525 | BC90: 5525 | BD90: 4599 | BE90: 3992 | BF90: 6380 | BG90: 832 | BH90: 4020 | BI90: 6636 | BJ90: 5631 | BK90: 5190 | BL90: 4301 | BM90: 2207 | BN90: 5890 | BO90: 88 | BP90: 3500 | BQ90: 6240 | BR90: 4308 | BS90: 8772 | BT90: 6320 | BU90: 6949 | BV90: 1350 | BW90: 2051 | BX90: 3969 | BY90: 5411 | BZ90: 3409 | CA90: 3638 | CB90: 1872 | CC90: 4798 | CD90: 6830 | CE90: 7982 | CF90: 2100 | CG90: 2618 | CI90: 7280 | CJ90: 8878 | CM90: 5872 | CN90: 4123 | CP90: 10016 | CQ90: 5769 | CR90: 12711 | CS90: 8610 | CT90: 2050 | CU90: 4644 | CV90: 2920 | CW90: 3395 | CX90: 9732 | CY90: 1900 | CZ90: 2444 | DA90: 5250 | DB90: 2165 | DC90: 11484 | DD90: 1050 | DE90: 1050 | DF90: 2257 | DG90: =IFERROR(VLOOKUP(G90,Hoja2!$C$1:$E$1548,3,FALSE),0) -> 2997 | DH90: =IFERROR(VLOOKUP(G90,Hoja2!$O$1:$P$1906,2,FALSE),0) -> 1990
B91: VSF | D91: MANN-FILTER | E91: PC | F91: Fuel Filter | G91: WK 69/2 | H91: VW Vento 2006 2,5 | I91: 12 | J91: 200 | K91: 70 | L91: 73 | M91: 230 | N91: 95 | O91: 148 | Q91: 160 | R91: 158 | S91: 162 | T91: 164 | U91: 157 | V91: 19 | W91: 240 | X91: 180 | Y91: 410 | Z91: 134 | AA91: 166 | AC91: 550 | AD91: 290 | AE91: 40 | AF91: 250 | AG91: 190 | AH91: 130 | AI91: 500 | AJ91: 140 | AK91: 300 | AL91: 415 | AM91: 150 | AN91: 120 | AO91: 165 | AP91: 202 | AQ91: 237 | AR91: 120 | AS91: 145 | AT91: 256 | AU91: 140 | AV91: 96 | AW91: 185 | AX91: 233 | AY91: 105 | AZ91: 243 | BA91: 123 | BB91: 224 | BC91: 280 | BE91: 345 | BF91: 455 | BG91: 40 | BH91: 330 | BI91: 60 | BJ91: 923 | BK91: 147 | BL91: 100 | BM91: 369 | BN91: 258 | BQ91: 716 | BR91: 7 | BS91: 230 | BT91: 860 | BU91: 240 | BV91: 169 | BW91: 364 | BX91: 227 | BY91: 584 | BZ91: 132 | CA91: 399 | CB91: 104 | CC91: 375 | CD91: 70 | CE91: 590 | CF91: 513 | CG91: 222 | CH91: 196 | CI91: 299 | CJ91: 95 | CM91: 498 | CN91: 460 | CO91: 40 | CP91: 50 | CQ91: 41 | CR91: 290 | CS91: 160 | CT91: 40 | CU91: 70 | CV91: 200 | CW91: 80 | CX91: 160 | CY91: 172 | CZ91: 120 | DA91: 50 | DB91: 321 | DC91: 28 | DE91: 382 | DF91: 158 | DG91: =IFERROR(VLOOKUP(G91,Hoja2!$C$1:$E$1548,3,FALSE),0) -> 60 | DH91: =IFERROR(VLOOKUP(G91,Hoja2!$O$1:$P$1906,2,FALSE),0) -> 290
B92: VSF | D92: MANN-FILTER | E92: PC | F92: Fuel Filter | G92: WK 730/1 | H92: Audi A3 Naftera 1.8 - TT Quattro 1.8 20v - Seat Nuevo Toledo 1.8 20v - 2.3 V5 - Toledo II 1.6i - 1.8i 20v - VW Golf IV 1.6i - 1.8i 20v - 2.0i - New Beetle 1.8i - 2.0i | I92: 12 | J92: 318 | K92: 144 | L92: 498 | M92: 587 | N92: 338 | O92: 196 | P92: 246 | Q92: 66 | R92: 146 | S92: 356 | T92: 246 | U92: 62 | V92: 252 | W92: 72 | X92: 438 | Y92: 438 | Z92: 156 | AA92: 286 | AB92: 14 | AC92: 150 | AD92: 434 | AE92: 108 | AF92: 306 | AG92: 168 | AH92: 126 | AI92: 300 | AJ92: 294 | AK92: 396 | AL92: 126 | AM92: 90 | AN92: 130 | AO92: 220 | AP92: 144 | AQ92: 116 | AR92: 274 | AS92: 114 | AT92: 138 | AU92: 132 | AV92: 42 | AW92: 241 | AX92: 162 | AY92: 374 | AZ92: 184 | BA92: 240 | BB92: 259 | BC92: 231 | BD92: 270 | BE92: 130 | BF92: 420 | BG92: 350 | BH92: 49 | BJ92: 780 | BK92: 411 | BL92: 99 | BM92: 702 | BN92: 138 | BP92: 122 | BQ92: 462 | BR92: 406 | BS92: 318 | BT92: 773 | BU92: 389 | BV92: 281 | BW92: 270 | BX92: 120 | BY92: 250 | BZ92: 120 | CA92: 460 | CB92: 270 | CC92: 150 | CD92: 720 | CE92: 189 | CF92: 280 | CG92: 330 | CH92: 510 | CI92: 420 | CJ92: 178 | CM92: 833 | CN92: 430 | CO92: 249 | CP92: 270 | CQ92: 283 | CR92: 280 | CS92: 100 | CT92: 110 | CU92: 140 | CV92: 160 | CW92: 150 | CX92: 170 | CY92: 130 | CZ92: 201 | DA92: 220 | DB92: 203 | DC92: 290 | DD92: 240 | DE92: 270 | DF92: 170 | DG92: =IFERROR(VLOOKUP(G92,Hoja2!$C$1:$E$1548,3,FALSE),0) -> 140 | DH92: =IFERROR(VLOOKUP(G92,Hoja2!$O$1:$P$1906,2,FALSE),0) -> 270
B93: VSF | D93: MANN-FILTER | E93: PC | F93: Fuel Filter | G93: WK 818/80 | H93: Mitsubishi Canter c/motor FE 659 / 639 / 649 (99Ã¢â€ â€™) | I93: 12 | J93: 10 | K93: 76 | L93: 40 | M93: 20 | N93: 14 | O93: 10 | P93: 14 | Q93: 66 | R93: 10 | S93: 20 | T93: 24 | U93: 38 | V93: 66 | W93: 22 | X93: 40 | Y93: 20 | Z93: 80 | AA93: 40 | AC93: 26 | AD93: 62 | AF93: 40 | AG93: 74 | AJ93: 150 | AK93: 20 | AL93: 6 | AN93: 10 | AO93: 40 | AP93: 6 | AQ93: 28 | AR93: 14 | AS93: 2 | AU93: 6 | AV93: 22 | AW93: 4 | AY93: 35 | BA93: 30 | BB93: 45 | BC93: 15 | BD93: 87 | BE93: 18 | BF93: 30 | BG93: 20 | BH93: 120 | BI93: 2 | BJ93: 103 | BK93: 20 | BL93: 5 | BM93: 30 | BN93: 45 | BO93: 35 | BQ93: 40 | BR93: 50 | BS93: 30 | BT93: 52 | BW93: 50 | BY93: 98 | BZ93: 82 | CA93: 9 | CB93: 20 | CC93: 213 | CD93: 51 | CE93: 170 | CF93: 90 | CG93: 5 | CH93: 222 | CI93: 10 | CM93: 275 | CN93: 290 | CO93: 355 | CQ93: 115 | CR93: 65 | CS93: 185 | CT93: 90 | CU93: 75 | CW93: 360 | CX93: 43 | CZ93: 107 | DA93: 163 | DB93: 25 | DC93: 75 | DD93: 75 | DE93: 135 | DG93: =IFERROR(VLOOKUP(G93,Hoja2!$C$1:$E$1548,3,FALSE),0) -> 185 | DH93: =IFERROR(VLOOKUP(G93,Hoja2!$O$1:$P$1906,2,FALSE),0) -> 75
B94: VSF | D94: MANN-FILTER | E94: PC | F94: Fuel Filter | G94: WK 820/18 | H94: MB Sprinter II 411,415,515 CDI | I94: 12 | J94: 296 | K94: 1020 | L94: 68 | M94: 626 | N94: 317 | O94: 801 | P94: 346 | Q94: 245 | R94: 231 | S94: 154 | T94: 400 | U94: 408 | V94: 310 | W94: 489 | X94: 432 | Y94: 547 | Z94: 599 | AA94: 30 | AB94: 370 | AC94: 746 | AD94: 294 | AH94: 2735 | AI94: 1025 | AJ94: 880 | AK94: 1120 | AM94: 550 | AN94: 1895 | AO94: 544 | AP94: 358 | AQ94: 460 | AR94: 82 | AS94: 1100 | AT94: 440 | AU94: 220 | AV94: 250 | AW94: 51 | AX94: 130 | AY94: 310 | AZ94: 460 | BA94: 250 | BB94: 500 | BC94: 540 | BD94: 170 | BE94: 330 | BF94: 440 | BG94: 320 | BH94: 310 | BI94: 360 | BJ94: 350 | BK94: 690 | BL94: 341 | BM94: 430 | BN94: 8 | BQ94: 1322 | BR94: 1257 | BT94: 661 | BU94: 620 | BV94: 740 | BW94: 610 | BY94: 540 | CB94: 260 | CC94: 470 | CD94: 1070 | CE94: 950 | CF94: 670 | CG94: 910 | CH94: 1040 | CI94: 240 | CJ94: 520 | CK94: 150 | CL94: 610 | CM94: 360 | CN94: 410 | CO94: 290 | CP94: 450 | CQ94: 140 | CR94: 160 | CS94: 220 | CT94: 290 | CU94: 100 | CV94: 140 | CW94: 160 | CX94: 80 | CY94: 340 | CZ94: 420 | DA94: 10 | DB94: 1320 | DC94: 80 | DD94: 540 | DE94: 260 | DF94: 400 | DG94: =IFERROR(VLOOKUP(G94,Hoja2!$C$1:$E$1548,3,FALSE),0) -> 200 | DH94: =IFERROR(VLOOKUP(G94,Hoja2!$O$1:$P$1906,2,FALSE),0) -> 1200
B95: VSF | D95: MANN-FILTER | E95: PC | F95: Fuel Filter | G95: WK 842/13 | H95: MB Vito 108CDI 110CDI 112CDI c/motor OM611 01/99Ã¢â€ â€™ MB Sprinter 311CDI 313CDI 413CDI c/motor DELA 04/2000Ã¢â€ â€™ (SIN SENSOR) | I95: 12 | J95: 214 | K95: 38 | L95: 148 | M95: 214 | N95: 106 | O95: 190 | P95: 96 | Q95: 170 | R95: 208 | S95: 267 | T95: 48 | U95: 6 | V95: 98 | W95: 210 | X95: 212 | Y95: 106 | Z95: 150 | AA95: 54 | AB95: 320 | AC95: 96 | AD95: 346 | AE95: 12 | AF95: 40 | AG95: 44 | AH95: 34 | AI95: 72 | AJ95: 302 | AK95: 76 | AL95: 122 | AM95: 68 | AN95: 106 | AO95: 20 | AP95: 40 | AQ95: 74 | AR95: 29 | AS95: 103 | AT95: 26 | AU95: 42 | AV95: 38 | AW95: 22 | AX95: 16 | AY95: 68 | AZ95: 114 | BA95: 90 | BB95: 84 | BC95: 52 | BD95: 200 | BE95: 172 | BF95: 76 | BG95: 140 | BH95: 164 | BI95: 17 | BJ95: 58 | BK95: 88 | BL95: 75 | BM95: 68 | BN95: 54 | BQ95: 180 | BR95: 102 | BS95: 135 | BT95: 156 | BU95: 162 | BV95: 152 | BW95: 43 | BX95: 125 | BY95: 128 | BZ95: 133 | CA95: 171 | CB95: 180 | CC95: 91 | CD95: 76 | CE95: 6 | CF95: 211 | CG95: 67 | CH95: 164 | CJ95: 309 | CL95: 7 | CM95: 267 | CN95: 167 | CO95: 174 | CP95: 162 | CQ95: 231 | CR95: 60 | CS95: 78 | CT95: 56 | CU95: 9 | CV95: 48 | CW95: 43 | CX95: 32 | CY95: 120 | CZ95: 75 | DA95: 142 | DB95: 106 | DC95: 66 | DD95: 191 | DE95: 191 | DF95: 24 | DG95: =IFERROR(VLOOKUP(G95,Hoja2!$C$1:$E$1548,3,FALSE),0) -> 0 | DH95: =IFERROR(VLOOKUP(G95,Hoja2!$O$1:$P$1906,2,FALSE),0) -> 210
B96: VSF | D96: MANN-FILTER | E96: PC | F96: Fuel Filter | G96: WK 842/18 | H96: MB Vito 108CDI 110CDI 112CDI c/motor OM611 01/99Ã¢â€ â€™ MB Sprinter 311CDI 313CDI 413CDI c/motor DELA 04/2000Ã¢â€ â€™ (CON SENSOR) | I96: 12 | J96: 360 | K96: 168 | L96: 156 | M96: 348 | N96: 570 | O96: 564 | P96: 180 | Q96: 142 | R96: 288 | S96: 300 | T96: 290 | U96: 244 | V96: 476 | W96: 330 | X96: 300 | Y96: 234 | Z96: 556 | AA96: 330 | AB96: 255 | AC96: 162 | AD96: 456 | AE96: 42 | AF96: 552 | AH96: 456 | AI96: 150 | AJ96: 312 | AK96: 223 | AL96: 196 | AM96: 114 | AN96: 60 | AO96: 70 | AP96: 132 | AQ96: 182 | AR96: 198 | AS96: 80 | AT96: 153 | AU96: 200 | AV96: 20 | AW96: 50 | AX96: 10 | AY96: 287 | AZ96: 90 | BA96: 120 | BB96: 97 | BC96: 102 | BD96: 7 | BE96: 333 | BF96: 284 | BG96: 320 | BH96: 30 | BI96: 220 | BJ96: 161 | BK96: 60 | BL96: 20 | BM96: 150 | BN96: 163 | BO96: 90 | BP96: 192 | BQ96: 118 | BR96: 91 | BS96: 160 | BT96: 70 | BU96: 240 | BV96: 230 | BW96: 170 | BX96: 150 | BY96: 60 | BZ96: 90 | CA96: 370 | CB96: 195 | CC96: 20 | CD96: 330 | CE96: 230 | CF96: 220 | CG96: 150 | CH96: 210 | CI96: 210 | CJ96: 275 | CK96: 20 | CM96: 310 | CN96: 110 | CO96: 62 | CP96: 230 | CQ96: 111 | CR96: 269 | CS96: 128 | CT96: 30 | CU96: 40 | CV96: 60 | CW96: 90 | CX96: 60 | CY96: 80 | CZ96: 70 | DA96: 20 | DB96: 70 | DC96: 80 | DD96: 30 | DE96: 170 | DF96: 170 | DG96: =IFERROR(VLOOKUP(G96,Hoja2!$C$1:$E$1548,3,FALSE),0) -> 20 | DH96: =IFERROR(VLOOKUP(G96,Hoja2!$O$1:$P$1906,2,FALSE),0) -> 300
B97: VSF | D97: MANN-FILTER | E97: CV | F97: Fuel Filter | G97: WK 854/2 | H97: Iveco Daily 3,0 D 2007 Ã¢â€ â€™; (OEM Iveco 299300) | I97: 12 | J97: 110 | K97: 60 | L97: 170 | M97: 260 | N97: 320 | O97: 290 | P97: 110 | Q97: 85 | R97: 120 | S97: 80 | T97: 70 | U97: 125 | V97: 155 | W97: 225 | X97: 185 | Y97: 140 | Z97: 96 | AA97: 31 | AB97: 120 | AC97: 420 | AD97: 150 | AF97: 284 | AG97: 309 | AH97: 137 | AI97: 139 | AJ97: 65 | AK97: 160 | AL97: 205 | AM97: 85 | AN97: 65 | AO97: 175 | AP97: 155 | AQ97: 90 | AR97: 50 | AS97: 190 | AT97: 60 | AU97: 120 | AV97: 80 | AW97: 40 | AX97: 80 | AY97: 70 | AZ97: 120 | BA97: 70 | BB97: 14 | BC97: 160 | BF97: 268 | BG97: 174 | BH97: 61 | BI97: 285 | BJ97: 141 | BK97: 81 | BL97: 10 | BM97: 238 | BP97: 252 | BQ97: 268 | BR97: 122 | BS97: 68 | BT97: 21 | BU97: 219 | BV97: 100 | BW97: 90 | BZ97: 390 | CA97: 120 | CB97: 10 | CC97: 50 | CD97: 212 | CE97: 68 | CF97: 290 | CG97: 120 | CH97: 10 | CI97: 232 | CJ97: 98 | CM97: 422 | CN97: 39 | CO97: 159 | CP97: 252 | CQ97: 78 | CR97: 200 | CS97: 80 | CT97: 50 | CU97: 120 | CV97: 100 | CW97: 90 | CX97: 70 | CY97: 50 | CZ97: 150 | DA97: 110 | DB97: 80 | DC97: 110 | DD97: 11 | DE97: 199 | DF97: 160 | DG97: =IFERROR(VLOOKUP(G97,Hoja2!$C$1:$E$1548,3,FALSE),0) -> 81 | DH97: =IFERROR(VLOOKUP(G97,Hoja2!$O$1:$P$1906,2,FALSE),0) -> 171
B98: VSF | D98: MANN-FILTER | E98: Pick up | F98: Fuel Filter | G98: WK 9016 | H98: VW Amarok 2.0 Tdi | I98: 12 | L98: 1500 | N98: 960 | O98: 1020 | P98: 140 | Q98: 280 | R98: 2070 | S98: 550 | T98: 390 | U98: 160 | V98: 160 | W98: 290 | X98: 350 | Y98: 760 | Z98: 460 | AA98: 830 | AB98: 360 | AC98: 420 | AD98: 764 | AF98: 840 | AG98: 760 | AH98: 100 | AI98: 510 | AJ98: 760 | AK98: 405 | AL98: 716 | AM98: 1860 | AN98: 242 | AO98: 330 | AP98: 278 | AQ98: 1500 | AR98: 90 | AS98: 120 | AT98: 280 | AU98: 470 | AV98: 261 | AW98: 30 | AX98: 50 | AY98: 293 | AZ98: 390 | BA98: 450 | BB98: 320 | BC98: 190 | BD98: 166 | BE98: 560 | BF98: 454 | BG98: 91 | BH98: 79 | BI98: 601 | BJ98: 809 | BK98: 235 | BL98: 414 | BM98: 170 | BN98: 531 | BP98: 580 | BQ98: 340 | BR98: 720 | BS98: 59 | BU98: 230 | BV98: 113 | BW98: 557 | BX98: 719 | BY98: 1232 | BZ98: 950 | CA98: 1020 | CB98: 1210 | CC98: 410 | CD98: 1220 | CE98: 494 | CF98: 590 | CG98: 230 | CH98: 760 | CI98: 170 | CJ98: 371 | CK98: 1140 | CL98: 10 | CM98: 400 | CN98: 431 | CO98: 50 | CP98: 100 | CQ98: 350 | CR98: 170 | CS98: 325 | CT98: 460 | CU98: 250 | CV98: 250 | CW98: 20 | CX98: 230 | CY98: 410 | CZ98: 50 | DA98: 80 | DB98: 280 | DC98: 160 | DD98: 950 | DE98: 540 | DF98: 35 | DG98: =IFERROR(VLOOKUP(G98,Hoja2!$C$1:$E$1548,3,FALSE),0) -> 205 | DH98: =IFERROR(VLOOKUP(G98,Hoja2!$O$1:$P$1906,2,FALSE),0) -> 535
B99: VSF | D99: MANN-FILTER | E99: PC | F99: Fuel Filter | G99: WK 9034 | H99: Citroen Berlingo II 1.6 Hdi, C4 1.6 Hdi - PEUGEOT 308 1.6 Hdi, 3008 1.6 Hdi, 408 1.6 Hdi, Expert II 1.6 Hdi, Partner II 1.6 Hdi (Reemplaza a WK 9034 z) | I99: 12 | CI99: 454 | CJ99: 670 | CK99: 36 | CL99: 1634 | CM99: 696 | CN99: 680 | CP99: 2094 | CQ99: 115 | CR99: 250 | CS99: 510 | CT99: 100 | CU99: 215 | CV99: 211 | CW99: 370 | CX99: 1361 | CY99: 450 | CZ99: 762 | DB99: 608 | DC99: 400 | DD99: 960 | DE99: 200 | DF99: 230 | DG99: =IFERROR(VLOOKUP(G99,Hoja2!$C$1:$E$1548,3,FALSE),0) -> 402 | DH99: =IFERROR(VLOOKUP(G99,Hoja2!$O$1:$P$1906,2,FALSE),0) -> 538
B100: VSF | D100: MANN-FILTER | E100: CV | F100: Fuel Filter | G100: WK 950/19 | H100: Iveco Strallis 2005 | I100: 12 | J100: 136 | K100: 160 | L100: 128 | M100: 252 | N100: 100 | O100: 283 | Q100: 173 | R100: 139 | S100: 197 | T100: 116 | U100: 120 | V100: 15 | W100: 119 | X100: 288 | Y100: 442 | Z100: 119 | AA100: 171 | AB100: 173 | AC100: 140 | AD100: 271 | AF100: 280 | AH100: 462 | AI100: 112 | AJ100: 178 | AK100: 168 | AL100: 216 | AM100: 164 | AN100: 166 | AO100: 72 | AP100: 185 | AQ100: 70 | AR100: 106 | AS100: 213 | AT100: 242 | AV100: 10 | AW100: 134 | AX100: 189 | AY100: 450 | AZ100: 84 | BA100: 120 | BB100: 207 | BC100: 193 | BD100: 272 | BE100: 140 | BF100: 240 | BG100: 72 | BH100: 376 | BI100: 88 | BJ100: 360 | BK100: 16 | BL100: 240 | BM100: 88 | BN100: 472 | BO100: 48 | BP100: 8 | BQ100: 528 | BR100: 64 | BS100: 384 | BT100: 200 | BU100: 24 | BV100: 728 | BW100: 192 | BX100: 160 | BY100: 160 | BZ100: 112 | CA100: 176 | CB100: 144 | CC100: 72 | CD100: 360 | CE100: 240 | CF100: 48 | CG100: 328 | CH100: 224 | CI100: 184 | CJ100: 96 | CM100: 584 | CN100: 56 | CO100: 80 | CP100: 496 | CQ100: 192 | CR100: 216 | CS100: 168 | CT100: 56 | CU100: 72 | CV100: 224 | CW100: 136 | CX100: 192 | CY100: 88 | CZ100: 280 | DA100: 160 | DB100: 168 | DC100: 88 | DD100: 144 | DE100: 290 | DF100: 126 | DG100: =IFERROR(VLOOKUP(G100,Hoja2!$C$1:$E$1548,3,FALSE),0) -> 132 | DH100: =IFERROR(VLOOKUP(G100,Hoja2!$O$1:$P$1906,2,FALSE),0) -> 192
...

Sheet Hoja2
A1: Category | B1: Subcategory | C1: SKU | D1: Description | E1: 45809 | I1: Family | J1: Region | K1: Salesman | L1: Client | M1: Category | N1: Subcategory | O1: SKU | P1: 45839
A2: PC | B2: Air Filter | C2: C 16 012 | D2: CHEVROLET Cruze 1.4 T 86CID 153CV (Reemplaza a C 14 013) | E2: 542 | H2: C 16 012 | J2: VSF | L2: MANN-FILTER | M2: PC | N2: Air Filter | O2: C 16 012 | P2: 726
A3: PC | B3: Air Filter | C3: C 16 134/2 | D3: Ford Focus 2.0L motor Duratec HE; 1.6L 16V motor Sigma 2008 a†’; 1.8 TDCi motor KKDA 2008 a†’ (Reemplaza a C 16 134/1) | E3: 147 | J3: VSF | L3: MANN-FILTER | M3: PC | N3: Air Filter | O3: C 16 134/2 | P3: 2158
A4: PC | B4: Air Filter | C4: C 18 004 | D4: HONDA CITY 1.5 16V SOHC i-VTEC 07/09 - FIT 1.4 16v 01/09 | E4: 500 | J4: VSF | L4: MANN-FILTER | M4: PC | N4: Air Filter | O4: C 18 004 | P4: 1020
A5: PC | B5: Air Filter | C5: C 2324 | D5: GM AVEO 1,6 L 16V DOHC 2009a†’ SUZUKI S | E5: 140 | J5: VSF | L5: MANN-FILTER | M5: PC | N5: Air Filter | O5: C 2324 | P5: 10
A6: PC | B6: Air Filter | C6: C 24 005 | D6: TOYOTA COROLLA, 1,8 L 16V 2009a†’ | E6: 1000 | J6: VSF | L6: MANN-FILTER | M6: PC | N6: Air Filter | O6: C 24 005 | P6: 1006
A7: PC | B7: Air Filter | C7: C 27 009 | D7: AUDI A3 TFSI 1.4 122 CV y VW TFSI 1.4 Golf 2014a†’ | E7: 451 | J7: VSF | L7: MANN-FILTER | M7: PC | N7: Air Filter | O7: C 27 009 | P7: 720
A8: PC | B8: Air Filter | C8: C 27 063 | D8: TOYOTA Corolla 2.0 170 cv, 2020a†’; Camry, RAV4 2.5 Hib. 218 cv, 2019a†’ | E8: 290 | J8: VSF | L8: MANN-FILTER | M8: PC | N8: Air Filter | O8: C 27 063 | P8: 375
A9: PC | B9: Air Filter | C9: C 36 003 | D9: Citroen DS4 1.6 16V THP 163 cv motor: EP6CDT M; Citroen DS3 1.6 16V Turbo motor EP6DT; Peugeot RCZ 1.6 16V motor EP6CDTX; 3008 1.6 THP; 308 1.6L THP CC y 1.6 GTI; 408 1.6N THP (Sport) motor EP6CDT | E9: 102 | J9: VSF | L9: MANN-FILTER | M9: PC | N9: Air Filter | O9: C 36 003 | P9: 378
A10: CV | B10: Air Filter | C10: CF 1650 | D10: cart. De seg. Para C 26 1100 | E10: 340 | J10: VSF | L10: MANN-FILTER | M10: CV | N10: Air Filter | O10: C 811 | P10: 1630
A11: OHI | B11: Air Filter | C11: CF 810 | D11: (Cart. Segur. para C 30 810/3) | E11: 50 | J11: VSF | L11: MANN-FILTER | M11: CV | N11: Air Filter | O11: CF 1650 | P11: 284
A12: Pick up | B12: Cabin Filter | C12: CU 1919 | D12: TOYOTA: Corolla/Fielder 1.8 16V Flex 2009a†’; Hilux 2.5/3.0 L 16V Diesel 2001a†’; Hilux 2.5/3.0 L 16V Diesel 2005a†’; RAV4 2.0 16V Gas. 2006a†’; Camry 2006a†’; Lexus 2006a†’ | E12: 2231 | J12: VSF | L12: MANN-FILTER | M12: OHI | N12: Air Filter | O12: CF 810 | P12: 54
A13: PC | B13: Cabin Filter | C13: CU 21 000-2 | D13: CitroA«n Peugeot 1,6 16 V Turbo | E13: 838 | J13: VSF | L13: MANN-FILTER | M13: Pick up | N13: Cabin Filter | O13: CU 1919 | P13: 670
A14: PC | B14: Cabin Filter | C14: CU 2141 | D14: CITROEN C4 aircross 2013 / Peugeot 4008 / Mitsubishi Outlander III 2.0 | E14: 300 | J14: VSF | L14: MANN-FILTER | M14: PC | N14: Cabin Filter | O14: CU 21 000-2 | P14: 565
... A98: CV | B98: Oil Filter | C98: WP 11 102/3 | D98: Caterpillar, New Holland, Renault Trucks Varios, Volvo, Bomag | E98: 224 | J98: VSF | L98: MANN-FILTER | M98: CV | N98: Oil Filter | O98: WP 11 102/3 | P98: 65
A99: CV | B99: Coolant Filter | C99: 24112 | D99: Cummins ISX Engine | E99: 12 | J99: MTO | L99: WIX | M99: OHI | N99: Coolant Filter | O99: 24114 | P99: 8
A100: OHI | B100: Fuel Filter | C100: 33122 | D100: Detroit Diesel 8.2 Liter Eng. (81-92) Secondary (10 Micron) | E100: 10 | J100: MTO | L100: WIX | M100: CV | N100: Coolant Filter | O100: 24370 | P100: 24
A101: OHI | B101: Fuel Filter | C101: 33423 | D101: CASE-IH Serie STX / CUMMINS QSX15 / JOHN DEERE Cosechadora 7800 | E101: 6 | J101: MTO | L101: WIX | M101: PC | N101: Fuel Filter | O101: 33031 | P101: 24
A102: OHI | B102: Fuel Filter | C102: 33544 | D102: Thermo King (Secondary...used w/33543 or 33545) (2.460 X 2.830 X 4.620) 3 Holes on Base. | E102: 12 | J102: MTO | L102: WIX | M102: CV | N102: Fuel Filter | O102: 33218 | P102: 16
A103: PC | B103: Fuel Filter | C103: 33565 | D103: HONDA Accord 2.0, 2.0i, 2.0i 16V, 2.2i 16V, 2.2Si VTEC; Civic 1.6 16V - TOYOTA Corolla ELI 1.6i, GLI 1.6i | E103: 6 | J103: MTO | L103: WIX | M103: CV | N103: Fuel Filter | O103: 33231 | P103: 84
A104: OHI | B104: Fuel Filter | C104: 33978 | D104: Excavadoras JOHN DEERE 120D/ 130G/ 160D/ LC 200C/ LC 210LJ | E104: 1 | J104: MTO | L104: WIX | M104: OHI | N104: Fuel Filter | O104: 33394 | P104: 3
A105: OHI | B105: Air Filter | C105: 42217 | D105: Case, Cat, Champion, Kawasaki, Kobelco, JCB, Volvo Secundario del 42216 | E105: 4 | J105: MTO | L105: WIX | M105: OHI | N105: Fuel Filter | O105: 33443 | P105: 6
A106: OHI | B106: Air Filter | C106: 42233 | D106: Caterpillar | E106: 10 | J106: MTO | L106: WIX | M106: OHI | N106: Fuel Filter | O106: 33528 | P106: 1
A107: OHI | B107: Air Filter | C107: 42238 | D107: Komatsu Carretones Autopropulsados de volteo; Compresores | E107: 14 | J107: MTO | L107: WIX | M107: OHI | N107: Fuel Filter | O107: 33609 | P107: 6
A108: OHI | B108: Air Filter | C108: 42359 | D108: Compresores LINCOLN / Equipos BRIGGS AND STRATTON | E108: 4 | J108: MTO | L108: WIX | M108: OHI | N108: Fuel Filter | O108: 33778 | P108: 4
A109: OHI | B109: Air Filter | C109: 46595 | D109: cart. De seg. De 46607 | E109: 6 | J109: MTO | L109: WIX | M109: OHI | N109: Fuel Filter | O109: 33785 | P109: 6
A110: OHI | B110: Air Filter | C110: 46734 | D110: IHC/Dresser Graders, Komatsu (Outer used w/46711) | E110: 2 | J110: MTO | L110: WIX | M110: OHI | N110: Air Filter | O110: 42047 | P110: 3
... A131: CV | B131: Oil Filter | C131: 57791 | D131: Renault Magnum AE 420, Manager G 300, Premium HR 385.24T/19T-340.19T. | E131: 6 | J131: MTO | L131: WIX | M131: OHI | N131: Air Filter | O131: 46830 | P131: 2
A132: OHI | B132: Fuel Filter | C132: 33651XE | D132: High efficiency version of 33651 (5 micron) | E132: 6 | J132: MTO | L132: WIX | M132: PC | N132: Air Filter | O132: 49058 | P132: 15
A133: OHI | B133: Oil Filter | C133: 51006E | D133: Mercedes-Benz, Still | E133: 4 | J133: MTO | L133: WIX | M133: PC | N133: Air Filter | O133: 49065 | P133: 18
A134: CV | B134: Oil Filter | C134: 51063E | D134: Mercedes-Benz c/mot. OM 366, 366 A/LA, 366 A Turbo (Reemplaza a WL51142) | E134: 12 | J134: MTO | L134: WIX | M134: PC | N134: Air Filter | O134: 49070 | P134: 12
A135: PC | B135: Oil Filter | C135: 51085XP | D135: Version long life de 51085 o WL7067 con medio filtrante sintetico | E135: 6 | J135: MTO | L135: WIX | M135: OHI | N135: Cabin Filter | O135: 49161 | P135: 6
A136: PC | B136: Oil Filter | C136: 51093E | D136: Toyota Coaster STD (97a†’), Land Cruiser 4.2 (96a†’), SW4 3.0 TD | E136: 8 | J136: MTO | L136: WIX | M136: OHI | N136: Air Filter | O136: 49183 | P136: 268
A137: CV | B137: Oil Filter | C137: 51099E | D137: Perkins (equiv.32599); Ford c/mot. Perkins (a†’77); BMW (a†’80) | E137: 13 | J137: MTO | L137: WIX | M137: OHI | N137: Air Filter | O137: 49396 | P137: 2
A138: PC | B138: Oil Filter | C138: 51515R | D138: LANZAMIENTO | E138: 102 | J138: MTO | L138: WIX | M138: OHI | N138: Air Filter | O138: 49441 | P138: 1
A139: OHI | B139: AOS | C139: 63 400 51 141 | D139: Filtro EDM - Equipos de ElectroerosiA³n | E139: 10 | J139: MTO | L139: WIX | M139: Pick up | N139: Air Filter | O139: 49463 | P139: 6
A140: CV | B140: Oil Filter | C140: 92041E | D140: MERCEDES BENZ Actros 2041, 1938 LS, 2638 LS (Reemplaza a WL57657) | E140: 18 | J140: MTO | L140: WIX | M140: OHI | N140: Air Filter | O140: 49599 | P140: 2
A141: CV | B141: Air Filter | C141: 93220E | D141: Nissan Modelo ECO - T100/54 3.0 Turbodiesel Intercooler (Reemplaza a WA46818) | E141: 6 | J141: MTO | L141: WIX | M141: OHI | N141: Air Filter | O141: 49669 | P141: 2
A142: CV | B142: Air Filter | C142: 93911E | D142: Camiones SCANIA 2013a†’ DC13 (G,P,R) (elemento secundario de WA10856) | E142: 6 | J142: MTO | L142: WIX | M142: OHI | N142: Air Filter | O142: 49708 | P142: 12
A143: CV | B143: Fuel Filter | C143: 95046E | D143: Renault Kerax 420 Dci , Magnum E Tech 440.19 BT 4x2 Z1 (02/2000a†’), Midlum I 270.18 Dci, Premium Dci 320, Exclusive 370 Dci, HD 370 Dxi, HR 420 Dci, HL 420 Dci | E143: 59 | J143: MTO | L143: WIX | M143: OHI | N143: Oil Filter | O143: 51168 | P143: 6
... A166: PC | B166: Air Filter | C166: C 16 113 | D166: RENAULT Clio 1.6 , 1.9 Diesel - Express 1.9 Diesel | E166: 102 | J166: MTO | L166: WIX | M166: OHI | N166: Oil Filter | O166: 57929 | P166: 1
A167: PC | B167: Air Filter | C167: C 16 114/2 X | D167: Audi A5 Coupe 3.2 V6 FSI CALA; Q5 3.2 V6 Fsi CALB; A4 Sedan (08') 3.2 V6 Fsi CALA (Reemplaza a C 16 114 x) | E167: 22 | J167: MTO | L167: WIX | M167: CV | N167: Coolant Filter | O167: 24071MP | P167: 6
A168: PC | B168: Air Filter | C168: C 16 148 | D168: HYUNDAI Galloper 2.8 TD / MITSUBISHI L 200 2.5 , 2.5 TDI , 2.8 TDI - Space Wagon 2.8 GLS TDI | E168: 10 | J168: MTO | L168: WIX | M168: Pick up | N168: Fuel Filter | O168: 33585XE | P168: 12
A169: PC | B169: Air Filter | C169: C 16 166 | D169: ISUZU Trooper 3.1i, Pick-Up 3.1i TD, Kenzu 3.1i TD - STA PLUS 3.1TD | E169: 3 | J169: MTO | L169: WIX | M169: CV | N169: Fuel Filter | O169: 33690E | P169: 12
A170: PC | B170: Air Filter | C170: C 1699 | D170: CHEVROLET LUV 2.5 Diesel / ISUZU Amigo 3.2 V6 - Pick-up 2.4 , 2.5 - Space Cab 2.8 TD | E170: 46 | J170: MTO | L170: WIX | M170: PC | N170: Oil Filter | O170: 51060R | P170: 55
A171: PC | B171: Air Filter | C171: C 17 012/1 | D171: AUDI A4-A5 2.0 TFSI 190cv 2017a†’ | E171: 32 | J171: MTO | L171: WIX | M171: PC | N171: Oil Filter | O171: 51060XP | P171: 42
A172: PC | B172: Air Filter | C172: C 17 137/1 X | D172: AUDI A-6 V6 3.0L, 3.2L, V-8 4.2L | E172: 6 | J172: MTO | L172: WIX | M172: PC | N172: Oil Filter | O172: 51085XP | P172: 6
A173: PC | B173: Air Filter | C173: C 17 237 | D173: CITROEN Jumper III 2.2 HDI - PEUGEOT Boxer III 2.2 HDI - FIAT Ducato 2.3 JTD | E173: 50 | J173: MTO | L173: WIX | M173: CV | N173: Oil Filter | O173: 51099E | P173: 1
A174: CV | B174: Air Filter | C174: C 17 308/1 | D174: Ford Cargo, F100, F4000, F14000; Merc.B. 710, LN 914; VW 8.140 (Reemplaza a C 17 308) | E174: 603 | J174: MTO | L174: WIX | M174: CV | N174: Oil Filter | O174: 51289E | P174: 6
A175: PC | B175: Air Filter | C175: C 1760/1 | D175: CITROEN Xsara 1.9 D (98a†’) / PEUGEOT 306 1.9 D - Partner 1.9 D | E175: 20 | J175: MTO | L175: WIX | M175: PC | N175: Oil Filter | O175: 51515R | P175: 272
A176: PC | B176: Air Filter | C176: C 18 114 | D176: BMW 130i 3.0i 24v 265cv 2007 a†’; 323i 2.5 24v 177cv 2007 a†’; 323i 2.5 24v 191cv 2008 a†’; 325i 2.5 24v 218cv 2007 a†’; 330i 3.0 258cv 2005 a†’; 330i 3.0 24v 272cv 2007 a†’ | E176: 24 | J176: MTO | L176: WIX | M176: CV | N176: Oil Filter | O176: 92041E | P176: 6
A177: PC | B177: Air Filter | C177: C 2029 | D177: Hyundai i30 2008 a†’; Hyundai 281132H000 | E177: 16 | J177: MTO | L177: WIX | M177: CV | N177: Air Filter | O177: 93150E | P177: 10
A178: PC | B178: Air Filter | C178: C 2055 | D178: HONDA Civic ( III - VI ) 1.6 VTEC , 1.6 VTi - CR-V I 2.0 16 v - HR-V 1.6 16 v | E178: 20 | J178: MTO | L178: WIX | M178: CV | N178: Air Filter | O178: 93151E | P178: 6
... A298: OHI | B298: Air Filter | C298: C 713 | D298: MA¡quinas Imprentas; Compresor Becker | E298: 30 | J298: MTO | L298: MANN-FILTER | M298: PC | N298: Air Filter | O298: C 29 198 | P298: 8
A299: OHI | B299: Air Filter | C299: C 75 | D299: MA¡quinas GrA¡ficas RIETSCHLE 730542 | E299: 20 | J299: MTO | K299: 1.0 | L299: MANN-FILTER | M299: PC | N299: Air Filter | O299: C 2969 | P299: 24
A300: OHI | B300: Air Filter | C300: C 75/2 | D300: MA¡quinas Imprentas; | E300: 5 | J300: MTO | L300: MANN-FILTER | M300: PC | N300: Air Filter | O300: C 2973 | P300: 2
A301: OHI | B301: Oil Filter | C301: C45A20GV | D301: Various Industrial Hydraulic Applications | E301: 4 | J301: MTO | L301: MANN-FILTER | M301: PC | N301: Air Filter | O301: C 2975 | P301: 5
A302: OHI | B302: Air Filter | C302: CF 100 | D302: Elemento de seguridad C 11 100 | E302: 2 | J302: MTO | L302: MANN-FILTER | M302: PC | N302: Air Filter | O302: C 2991/1 | P302: 1
A303: CV | B303: Air Filter | C303: CF 1150 | D303: Cart. De seg. Para C 18 450/1 | E303: 22 | J303: MTO | L303: MANN-FILTER | M303: OHI | N303: Air Filter | O303: C 30 010 | P303: 4
A304: CV | B304: Air Filter | C304: CF 12 430 | D304: Ford Cargo 1317 E, 1517 E, 1517, Motor Cummins 6BT, VW 13180 Constellation Motor MWM , 15180 Constellation Motor MWM ( secundario de C 21 470) | E304: 28 | J304: MTO | L304: MANN-FILTER | M304: PC | N304: Air Filter | O304: C 30 012 | P304: 5
A305: CV | B305: Air Filter | C305: CF 1200 | D305: Cart. Segur. para C 23 440/1 (Cummins, Iveco, Deutz, MF, MWM) | E305: 161 | J305: MTO | L305: MANN-FILTER | M305: PC | N305: Air Filter | O305: C 30 017 | P305: 20
A306: OHI | B306: Air Filter | C306: CF 14 002 | D306: CASE 21-Serie 721 C / CXR / CXT - DOOSAN Excavadoras Hidraulicas - KOMATSU Excavadora D 61 EX/PX-12 (Reemplaza a CF 14 002/2, elemento secundario de C 24 015/2) | E306: 38 | J306: MTO | L306: MANN-FILTER | M306: PC | N306: Air Filter | O306: C 30 027 | P306: 44
A307: CV | B307: Air Filter | C307: CF 1560 | D307: Cart. Segur. para C 21 367 (Ford Cargo F 14000 c/mot. CUMMINS) | E307: 10 | J307: MTO | L307: MANN-FILTER | M307: OHI | N307: Air Filter | O307: C 30 1330 | P307: 10
A308: CV | B308: Air Filter | C308: CF 1610 | D308: Scania P93 - M93-210 - Filtro secundario del C 30 703 | E308: 1 | J308: MTO | L308: MANN-FILTER | M308: PC | N308: Air Filter | O308: C 30 135 | P308: 26
A309: CV | B309: Air Filter | C309: CF 1800 | D309: Cart. Segur. para C 31 1410 (Renault Magnum) | E309: 10 | J309: MTO | L309: MANN-FILTER | M309: CV | N309: Air Filter | O309: C 30 1359 | P309: 18
A310: OHI | B310: Air Filter | C310: CF 1820 | D310: Maquinarias LIEBHERR (Elemento primario C 30 1330) | E310: 2 | J310: MTO | L310: MANN-FILTER | M310: PC | N310: Air Filter | O310: C 30 139 | P310: 4
A311: PC | B311: Cabin Filter | C311: CU 1629 | D311: FLUENCE 1.6 y 2.0 16v | E311: 30 | J311: MTO | L311: MANN-FILTER | M311: PC | N311: Air Filter | O311: C 30 161 | P311: 31
... A420: CV | B420: Fuel Filter | C420: P 945 x | D420: CitroA«n, Massey Ferguson, Melroe-Bobcat, New Holland, Peugeot | E420: 140 | J420: MTO | L420: MANN-FILTER | M420: CV | N420: Cabin Filter | O420: CU 32 012/1 | P420: 30
A421: OHI | B421: Fuel Filter | C421: P 953/1 | D421: Perkins, Zanello | E421: 10 | J421: MTO | K421: 1.0 | L421: MANN-FILTER | M421: PC | N421: Cabin Filter | O421: CU 3338 | P421: 10
A422: CV | B422: Fuel Filter | C422: PL 250 | D422: Motores Deutz 2.9 / 3.6 L | E422: 35 | J422: MTO | L422: MANN-FILTER | M422: PC | N422: Cabin Filter | O422: CU 3360 | P422: 5
A423: OHI | B423: Fuel Filter | C423: PL 601/3 | D423: KOMATSU 1200-3 / 470-5 - LIEBHERR R 994 B Litronic / CUMMINS (Motores) Reemplaza a WK 12 290 | E423: 14 | J423: MTO | L423: MANN-FILTER | M423: PC | N423: Cabin Filter | O423: CU 34 008 | P423: 20
A424: PC | B424: Fuel Filter | C424: PU 1021 x | D424: Peugeot 206 XRD 1.9 Diesel; Expert Diesel Iny.Indirecta c/motor DW8 1.9 | E424: 140 | J424: MTO | L424: MANN-FILTER | M424: PC | N424: Cabin Filter | O424: CU 3461 | P424: 2
A425: PC | B425: Fuel Filter | C425: PU 7002 x | D425: Ford Focus II 1.8 TDCI motor KKDA - S-Max 1.8 TDCI motor Duratorq | E425: 90 | J425: MTO | L425: MANN-FILTER | M425: PC | N425: Cabin Filter | O425: CU 3540 | P425: 2
A426: PC | B426: Fuel Filter | C426: PU 7006 | D426: CHEVROLET Captiva 2.2 AWD D 2011a†’ | E426: 20 | J426: MTO | L426: MANN-FILTER | M426: PC | N426: Cabin Filter | O426: CU 3567 | P426: 84
A427: PC | B427: Fuel Filter | C427: PU 8014 | D427: AUDI A3 2.0 TDI 2013a†’ | E427: 12 | J427: MTO | L427: MANN-FILTER | M427: PC | N427: Cabin Filter | O427: CU 3855 | P427: 8
A428: PC | B428: Fuel Filter | C428: PU 822 x | D428: Renault Kangoo Express 1.9 Diesel; Clio 2 1.9 Diesel | E428: 15 | J428: MTO | L428: MANN-FILTER | M428: OHI | N428: Cabin Filter | O428: CU 3939 | P428: 12
A429: PC | B429: Fuel Filter | C429: PU 825 X | D429: Audi A3 II 2.0 tdi 140 cv 2004 a†’, Seat Altea 2.0 tdi 16v 140cv 2007 a†’, Seat Leon II 2.0 tdi 16v 140cv 2007 a†’, Seat Toledo 2.0 tdi 16v 140cv 2007 a†’, Vw passat V 2.0 tdi 16v 140cv 2006 a†’ | E429: 60 | J429: MTO | L429: MANN-FILTER | M429: PC | N429: Cabin Filter | O429: CU 3942 | P429: 6
A430: Pick up | B430: Fuel Filter | C430: PU 835 x | D430: Toyota Hilux 3.0 TDI 163CV D-4D (1KD-FTV) y 2.5 TD D-4D (2KD-FTV) | E430: 1220 | J430: MTO | L430: MANN-FILTER | M430: PC | N430: Cabin Filter | O430: CU 4151 | P430: 16
A431: PC | B431: Fuel Filter | C431: PU 9001/1 X | D431: Chevrolet Cruze 2.0 (Reemplaza a PU 9001 x) | E431: 30 | J431: MTO | L431: MANN-FILTER | M431: PC | N431: Cabin Filter | O431: CU 4436 | P431: 16
A432: CV | B432: Fuel Filter | C432: PU 9105 | D432: VOLVO VM 220, 270, 330, mot. MWM, 2017a†’ | E432: 24 | J432: MTO | L432: MANN-FILTER | M432: PC | N432: Cabin Filter | O432: CU 4442 | P432: 119
A433: CV | B433: Fuel Filter | C433: PU 9144 X | D433: VW Delivery 4.150, 6.160 mot. Cummins ISF 2.8 2018a†’ (Reemplaza a PU 9144) | E433: 2059 | J433: MTO | L433: MANN-FILTER | M433: CV | N433: Cabin Filter | O433: CU 4466 | P433: 6
A434: PC | B434: Fuel Filter | C434: PU 927 X | D434: PEUGEOT 508 2.0 HDI | E434: 6 | J434: MTO | L434: MANN-FILTER | M434: CV | N434: Cabin Filter | O434: CU 45 004 | P434: 88
A435: CV | B435: Accesories | C435: SOPORTE EP 200I | E435: 10 | J435: MTO | L435: MANN-FILTER | M435: OHI | N435: Cabin Filter | O435: CU 61 225 | P435: 12
A436: CV | B436: Air Dryer | C436: TB 1396 x | D436: Filtro desecador de aire de frenos. Aplic:MB; Iveco; Volvo; VW; Renault | E436: 30 | J436: MTO | L436: MANN-FILTER | M436: PC | N436: Cabin Filter | O436: CU 8430 | P436: 10
A437: CV | B437: Air Dryer | C437: TB 15 001 Z KIT | D437: SCANIA camiones varios | E437: 10 | J437: MTO | L437: MANN-FILTER | M437: PC | N437: Cabin Filter | O437: CUK 1629 | P437: 16
A438: CV | B438: Urea Filter | C438: U 620/2 Y KIT | D438: IVECO Trakker 360 - SCANIA R 580 - VOLVO BUS B7R | E438: 66 | J438: MTO | L438: MANN-FILTER | M438: PC | N438: Cabin Filter | O438: CUK 2544 | P438: 8
A439: CV | B439: Oil Filter | C439: W 10 703 | D439: HYUNDAI HD78 3.9 Crdi 2009 a†’ | E439: 20 | J439: MTO | L439: MANN-FILTER | M439: PC | N439: Cabin Filter | O439: CUK 26 005 | P439: 55
A440: PC | B440: Oil Filter | C440: W 1126/4 | D440: Fiat Diesel (Duna 97a†’, Palio, Siena, Punto, Tipo); Alfa 145,146,155 TD | E440: 6 | J440: MTO | L440: MANN-FILTER | M440: PC | N440: Cabin Filter | O440: CUK 2842 | P440: 20
A441: OHI | B441: Oil Filter | C441: W 1160/6 | D441: CASE-IH JX 90U NEW HOLLAND TL 100 / 100 DT Iveco 8045.25 Turbo | E441: 5 | J441: MTO | L441: MANN-FILTER | M441: PC | N441: Cabin Filter | O441: CUK 2862 | P441: 13
A442: PC | B442: Oil Filter | C442: W 7032 | D442: RENAULT Kangoo, 1.5 DCI, 89 CV, 2018 a†’ | E442: 350 | J442: MTO | L442: MANN-FILTER | M442: PC | N442: Cabin Filter | O442: CUK 2882 | P442: 2
A443: PC | B443: Oil Filter | C443: W 713/15 | D443: Rover 114-214-414 1.4i, 216-416 1.6i, 420-820 2.0i, Land Rover Freelander 1.8i - OEM AHV2880, CDV 1268, LPW 100230 | E443: 12 | J443: MTO | L443: MANN-FILTER | M443: PC | N443: Cabin Filter | O443: CUK 2941-2 | P443: 5
A444: PC | B444: Oil Filter | C444: W 719/13 | D444: Mercedes-Benz 190 (serie W 201); 300 (serie W 124), 300 SL | E444: 1 | J444: MTO | L444: MANN-FILTER | M444: PC | N444: Cabin Filter | O444: CUK 3115 | P444: 63
A445: PC | B445: Oil Filter | C445: W 719/14 | D445: Chrysler Caravan 2.5 SE Turbodiesel; Jeep Cherokee 2.5 Sport y Classic Turbodiesel (97a†’) | E445: 20 | J445: MTO | L445: MANN-FILTER | M445: CV | N445: Cabin Filter | O445: CUK 32 011/1 | P445: 100
A446: Pick up | B446: Oil Filter | C446: W 719/50 | D446: Ranger Power Stroke Motor 3.0L EletrA³nico 07/08a†’ EO BG8T6731AA | E446: 513 | J446: MTO | L446: MANN-FILTER | M446: PC | N446: Cabin Filter | O446: CUK 3780 | P446: 2
A447: PC | B447: Oil Filter | C447: W 830/3 | D447: Hyundai Tucson 2,0 crdi 2005 a†’ | E447: 1 | J447: MTO | L447: MANN-FILTER | M447: OHI | N447: Cabin Filter | O447: CUK 3970 | P447: 11
... A520: PC | B520: Fuel Filter | C520: WK 612/2 | D520: GM Blazer Executive 4x4 LS, LT 4.3 V6 SEFI (94-96); Daewoo Espero 2000i 8V, Daewoo Racer; Mazda 626 Sedan 2.0i 16V; Rover 114 1.4i, 214 Si- Sli 1.4i, 220 CoupA© 2.0i, 414 Sli 1.4i, 420 Sli 2.0i, Discovery 3.5 8V. | E520: 14 | J520: MTO | L520: MANN-FILTER | M520: PC | N520: Oil Filter | O520: MW 810 | P520: 6
A521: PC | B521: Fuel Filter | C521: WK 613 | D521: Chevr. Omega, Vectra, Blazer, S10; Peugeot 306; VW Polo Classic; Citroen | E521: 8 | J521: MTO | K521: 1.0 | L521: MANN-FILTER | M521: OHI | N521: Fuel Filter | O521: P 1018/1 | P521: 42
A522: CV | B522: Fuel Filter | C522: WK 727 | D522: Renault Magnum AE 420, Manager G 300, Premium HR 385.24T/19T-340.19T , Scania P93, M93-210; Volvo varios | E522: 41 | J522: MTO | L522: MANN-FILTER | M522: CV | N522: Fuel Filter | O522: P 707/6 g | P522: 47
A523: PC | B523: Fuel Filter | C523: WK 79 | D523: Ford Mondeo 1.8 CLX 16V, 2.0i Ghia 16V, 2.5 Ghia 24V V6 | E523: 16 | J523: MTO | L523: MANN-FILTER | M523: PC | N523: Fuel Filter | O523: P 735 X | P523: 2
A524: PC | B524: Fuel Filter | C524: WK 8105 | D524: Ford Transit Diesel 2000-2003; Motorcraft: EFG-184; OEM Ford 4352681 | E524: 2 | J524: MTO | L524: MANN-FILTER | M524: CV | N524: Fuel Filter | O524: P 811 | P524: 1007
...
